Type,ID,Name,Event
"EAN13","4531632457505","618729 Za美白防曬霜-亮透白",""
"EAN13","4531632457529","619236 Za美白隔離霜-透亮紫",""
"EAN13","4710363977258","557030 蜜妮深層卸妝油230ml",""
"EAN13","4711046323553","970375 台塑家用新冠抗原快速試劑單入",""
"EAN13","4711061490803","714512（W店）巧米多甜不辣脆片-香菜風味",""
"EAN13","4711342490416","699935（實）燒番麥炳叔烤玉米棒",""
"EAN13","4711476006231","491769 歐典黑糖仙草雙耳飲",""
"EAN13","4713469430634","353567 Duskin魔術抹布1入",""
"EAN13","4718201571439","545328（W實）自然補給 冰糖海燕窩1瓶",""
"EAN13","4718201579251","665995（W店）自然補給仙草海燕窩1瓶",""
"EAN13","4719858308256","405030（區）老祖宗-仙草茶（無糖）",""
"EAN13","4719858309437","405040（區）老祖宗-冬瓜仙草茶",""
"EAN13","4901777394025","604024 三得利-196無糖-雙重檸檬",""
"EAN13","4942568230191","995721 日本NIJIYA和歌山梅子調酒",""
"EAN13","4943202150134","699277@日本YOKUMOKU牛奶捲心餅禮盒",""
"EAN13","4985011711946","599695 日本7PREMIUM葡萄風味沙瓦",""
"EAN13","4987241156931","527725 曼秀雷敦AD高效抗乾修復乳液",""
"EAN13","6928820030844","615185 萊雅金緻護髮精油玫瑰精華 30ml",""
"EAN13","8809613592559","444552 韓國真果實檸檬highball調酒",""
"EAN13","8936144250013","524061（區-箱）微渴 100%椰子1000ml",""
"EAN13","3450601047077","632289 法國綠色樹洗碗精 500ml",""
"EAN13","3481291017422","601227 法國Mathez經典松露造型可可球",""
"EAN13","3481291017460","601161 法國Mathez爆米花風味松露可可球",""
"EAN13","4104610007407","301560 德國百靈油5ml",""
"EAN13","4535304718901","360351 Johns Blend室內香氛膏白麝香",""
"EAN13","4535304718918","359324 Johns Blend香氛膏麝香茉莉",""
"EAN13","4560376172382","787813 日本7PREMIUM 蜜糖地瓜",""
"EAN13","4571157254579","540538 日本 ORIHIRO 蒟蒻凍麝香葡萄",""
"EAN13","4710011402019","545167 桂冠芝麻湯圓",""
"EAN13","4710011402026","613097 桂冠花生湯圓",""
"EAN13","4710011402033","372627 桂冠鮮肉湯圓",""
"EAN13","4710011402859","492330 桂冠焦糖布丁湯圓",""
"EAN13","4710011402873","492333 桂冠紫糯米芋泥湯圓",""
"EAN13","4710011402880","532236 桂冠阿華田包餡小湯圓",""
"EAN13","4710015101284","176415 乖乖五香大",""
"EAN13","4710015101291","172369 乖乖椰子大",""
"EAN13","4710018175701","381441 舒味思氣泡水 PET500",""
"EAN13","4710018175909","523184 舒味思萊姆口味氣泡水PET500",""
"EAN13","4710018176104","384683 可口可樂 PET 435ml",""
"EAN13","4710018185106","553857 可口可樂纖維+PET600",""
"EAN13","4710018343407","305663 雪碧無糖汽水PET600",""
"EAN13","4710022040538","621310 卡迪那洋芋片牛排口味35元",""
"EAN13","4710022061847","592203 卡迪那小德薯濃厚茄汁口味",""
"EAN13","4710022061892","592206 卡迪那小德薯湖鹽海苔口味",""
"EAN13","4710022062486","621320 卡迪那波浪洋芋片香辣口味35元",""
"EAN13","4710022063728","333602 可樂果 Mini原味",""
"EAN13","4710022063773","333685 可樂果 Mini檸檬辣雞翅口味",""
"EAN13","4710032704079","369860 李施德霖綠茶防蛀漱口水 250ml",""
"EAN13","4710036402063","950681 好奇迪士尼純水濕巾加厚70抽",""
"EAN13","4710036611977","834037 靠得住晩安好眠褲均碼2入",""
"EAN13","4710043023572","213194 桂格即食大燕麥片330g（罐）",""
"EAN13","4710043036688","372385 完膳營養素",""
"EAN13","4710043041460","621752 桂格5X人蔘濃縮精華飲",""
"EAN13","4710043041903","658667 天地合補金盞花葉黃素濃縮飲",""
"EAN13","4710043044157","342639 天地合補EXX葡萄糖胺濃縮飲",""
"EAN13","4710043046434","366222 桂格5X B群人蔘精華飲",""
"EAN13","4710043047958","606335 桂格蟲草人蔘",""
"EAN13","4710043048612","528605 天地合補金盞花葉黃素凍2入",""
"EAN13","4710043049558","346440 桂格補氣養蔘蜂蜜飲450ML",""
"EAN13","4710043049572","346464 桂格美顏膠原莓果飲450ML",""
"EAN13","4710054144167","303265 蘇菲超熟睡棉柔厚型28cm16片",""
"EAN13","4710054144525","783071 蘇菲超熟睡草本抑菌棉柔35cm 7片",""
"EAN13","4710054150175","056700 蘇菲彈力貼身日薄翼23cm12片",""
"EAN13","4710054151127","385246 蘇菲彈力貼身夜薄翼28cm10片",""
"EAN13","4710085240852","582028 金車漢寶蚵仔味細麵",""
"EAN13","4710085240876","582000 金車漢寶黑胡椒牛肉風味麵",""
"EAN13","4710088063212","678368 瑞穗鮮乳雪糕",""
"EAN13","4710088063267","977064 瑞穗鮮乳紅豆雪糕",""
"EAN13","4710088063274","303905 原味本舖-紅豆牛奶冰棒",""
"EAN13","4710088063281","567084 統一布丁牛奶雪糕",""
"EAN13","4710088425324","705958 統一H20純水PET1500","20260814_五六日_001"
"EAN13","4710088448736","712207 博客原味大熱狗",""
"EAN13","4710088449184","310410 滿漢小香腸椒麻",""
"EAN13","4710088449290","437545 滿漢蒜味烤香腸",""
"EAN13","4710088472403","752083 原味本舖養身杏仁茶CAN240",""
"EAN13","4710088620996","532212 統一清爽家芥花油",""
"EAN13","4710088622594","797016 統一綺麗健康油652ml",""
"EAN13","4710088824516","366210 伴點巧克力牛奶TP300",""
"EAN13","4710088831262","360099 統一巷口乾麵炸醬風味單包",""
"EAN13","4710088831279","988858 統一巷口乾麵麻醬風味包",""
"EAN13","4710088831422","544247 拉麵道日式豚骨風味",""
"EAN13","4710088831439","544098 拉麵道日式味噌風味",""
"EAN13","4710088832139","884198 科學麵香辣風味袋",""
"EAN13","4710088832283","365858 統一麵小畤光麵館花椒擔擔湯麵",""
"EAN13","4710088832290","365860 統一麵小時光麵館青蔬椒麻乾麵",""
"EAN13","4710088832351","404368 來一客紅酒燉牛肉",""
"EAN13","4710088832368","479520 來一客上湯獅子頭",""
"EAN13","4710088886606","361375 iselect 麥茶 PET550ml",""
"EAN13","4710088886620","361392 iselect 梅子風味綠茶 PET550ml",""
"EAN13","4710094054648","548759 麗仕沐浴乳媚惑幽香 400ml-紫",""
"EAN13","4710094109676","386453 立頓萃香奶綠535ml",""
"EAN13","4710094127915","565783 立頓醇奶茶歐蕾PET425",""
"EAN13","4710094129841","323142 白蘭小蒼蘭洗衣精補充包 1.6kg",""
"EAN13","4710094130724","344273 白蘭香氛洗衣球-質感小蒼蘭 6顆",""
"EAN13","4710094131547","480350 熊寶貝護衣芳香豆藍風鈴 300ml",""
"EAN13","4710094132551","480341 白蘭酵素洗衣球除蹣5入",""
"EAN13","4710094133114","559652 白蘭香氛洗衣球-橙淨玫瑰6顆",""
"EAN13","4710094135873","338843 白蘭香氛洗衣球-純淨白麝香6顆",""
"EAN13","4710098905083","589010 歐維氏 85%醇黑巧克力",""
"EAN13","4710104027716","368368 （1袋)舒敏厚棒袖珍面紙20入",""
"EAN13","4710105094359","400813 蠟筆小新可可奶茶TP200",""
"EAN13","4710105094458","526992 布丁狗布丁風味牛乳TP200",""
"EAN13","4710105094465","526814 櫻桃小丸子青蘋果牛乳TP200",""
"EAN13","4710110223560","141110 多喝水鹼性竹炭水PET700",""
"EAN13","4710110232418","385537 多喝水微鹼性竹炭離子水PET850",""
"EAN13","4710110236980","929380 味味一品麻辣臭豆腐麵",""
"EAN13","4710110237710","467908 雙響泡沙茶鍋燒湯麵",""
"EAN13","4710110237871","530009 味味A紅燒牛肉湯麵",""
"EAN13","4710110237895","529060 味味A香辣海鮮湯麵",""
"EAN13","4710110238274","575176 随緣紅燒嫩菇湯麵",""
"EAN13","4710110238298","428357 隨緣沙茶豆腐湯麵",""
"EAN13","4710110238311","575161 雙響泡府城擔仔湯麵",""
"EAN13","4710110238403","354510 多喝水STAYCOOL礦物強氣泡PET560",""
"EAN13","4710110805476","576889 Mountain Dew激浪汽水PET500",""
"EAN13","4710110812252","380640 味丹心茶道冬瓜茶 PET560",""
"EAN13","4710114814795","562446 舒潔優質抽取衛生紙90抽",""
"EAN13","4710114817604","400142 舒潔雲絨舒適抽取式衛生紙90抽",""
"EAN13","4710114818342","537558 舒潔女性專用濕式衛生紙14 抽",""
"EAN13","4710114841043","348749 舒潔濕式面紙10抽",""
"EAN13","4710114841999","351140 舒潔舒涼冰巾18抽",""
"EAN13","4710126021396","410823 義美牛奶小泡芙（盒裝）",""
"EAN13","4710126021402","410836 義美巧克力小泡芙(盒装）",""
"EAN13","4710126025837","590701 義美小泡芙(草莓)57g",""
"EAN13","4710126088597","365290 （雙）義美青醬蛤蜊義大利麵",""
"EAN13","4710126604216","671465 義美鮭魚炒飯",""
"EAN13","4710126604223","671311 義美蝦仁炒飯",""
"EAN13","4710126610118","639067 （選）義美紅藜蔬食炒飯",""
"EAN13","4710139940394","343511 巴特里爆漿奶油餐包2入",""
"EAN13","4710139940400","343512 巴特里港式流心菠蘿包",""
"EAN13","4710143021188","365757 Niseko 北海道牛奶巧酥雪糕",""
"EAN13","4710143930527","576109 百吉棒棒冰-蘇打",""
"EAN13","4710143950433","384313 百吉棒棒冰-乳酸",""
"EAN13","4710144915950","538061 浪味仙-田園蔬菜口味",""
"EAN13","4710154014643","526862 黑松茶尋味臺灣春茶PET590",""
"EAN13","4710168709818","634911 DARLIE好來全亮白清新薄荷牙膏",""
"EAN13","4710174120607","336115 Energy Time機能凍飲_活力充沛",""
"EAN13","4710174120614","335444 Energy Time機能凍飲_晶亮有神",""
"EAN13","4710174120621","336127 Energy Time 益生菌（乳酸）",""
"EAN13","4710174122069","540739 盛香珍零卡蒟蒻VitC＋鐵（荔枝）",""
"EAN13","4710174122083","540730 盛香珍零卡蒟蒻VitC＋鐵（葡萄）",""
"EAN13","4710209729164","303681 PowerBOMB爆能能量飲料Can225",""
"EAN13","4710209996016","717049 葡萄王靈芝王精華飲60ml",""
"EAN13","4710209996658","540815 葡萄王人蔘王養身飲60ml",""
"EAN13","4710209997112","354500 康貝特200P EX能量飲料CAN225",""
"EAN13","4710250210017","967827 杜老爺曠世奇派草莓大雪糕",""
"EAN13","4710250210079","432411 曠世奇派玫瑰鹽焦糖",""
"EAN13","4710250210215","803801 杜老爺玉井情人果大脆冰棒",""
"EAN13","4710250480311","034883 杜老爺雙倍巧克力甜筒",""
"EAN13","4710250480434","500620 杜老爺超級曠世奇派酒釀黑櫻桃","20260814_五六日_003"
"EAN13","4710314430009","537987 雷達噴霧殺蚊蟲劑—柑橘精油 500ml",""
"EAN13","4710339007378","448089 福樂Q果蜂蜜柚香優酪135G",""
"EAN13","4710345543006","853971 注喵-點心罐 80g-雞絲",""
"EAN13","4710345543037","853241 汪哺-點心罐80g-鮪魚＋綠貽貝",""
"EAN13","4710363082624","566321 花王洗髮精清新沁涼 750ml",""
"EAN13","4710363523714","440492 一匙靈制菌洗衣粉盒裝1.9KG",""
"EAN13","4710367313366","910152 3M細滑牙線棒盒裝150支入",""
"EAN13","4710421075834","526578 舒跑Energy能量飲料CAN250",""
"EAN13","4710543113018","411715 樂事九州岩燒海苔口味洋芋片",""
"EAN13","4710543113049","411706 樂事美國經典原味洋芋片",""
"EAN13","4710543113100","411719 樂事瑞士香濃起司口味洋芋片",""
"EAN13","4710587184968","321750 紅牌速纖纖維飲料TP330",""
"EAN13","4710632007631","363366 悅氏Light鹼性水PET720",""
"EAN13","4710699501011","396791 手摘果物小紅莓",""
"EAN13","4710699501028","396852 手摘果物無籽梅肉",""
"EAN13","4710699501035","396815 手摘果物甘草芭樂乾",""
"EAN13","4710699501066","769022 手摘果物芒果青",""
"EAN13","4710699501073","965300 手摘果物日式梅片",""
"EAN13","4710716336381","375013 Airwaves酷涼FUN塊-冰爽薄荷",""
"EAN13","4710716336466","374995 Airwaves酷涼FUN塊-冰爽檸檬",""
"EAN13","4710716337128","820329 EXTRA潔淨無糖口香糖薄荷",""
"EAN13","4710716337227","726742 Extra無糖口香糖香濃密瓜",""
"EAN13","4710716337913","417011 Extra潔淨無糖口番糖清檸薄荷",""
"EAN13","4710777115345","395873 白蘭氏葉黃素精華飲",""
"EAN13","4710777401011","169198 白蘭氏學進雞精70g",""
"EAN13","4710777776669","309467 白蘭氏養蔘飲",""
"EAN13","4710777779905","996395 白蘭氏赤靈芝子實體精華飲60ml",""
"EAN13","4710777888997","328762 白蘭氏旭沛人蔘蜆精60ml",""
"EAN13","4710777953794","769528 白蘭氏葉黃素凍",""
"EAN13","4710782176522","396266 西雅圖極品大濾掛咖啡（極品）",""
"EAN13","4710782176546","396260 西雅圖極品大濾掛咖啡（藍山）",""
"EAN13","4710782176683","521593 西雅圖曼特寧極品大濾掛咖啡",""
"EAN13","4710782177512","379233 西雅圖雙倍濃縮無加糖2+1（盒）",""
"EAN13","4710782178502","396115 西雅圖雙倍濃縮3+1（盒）",""
"EAN13","4710784964165","383359 ICE比菲多原味",""
"EAN13","4710784968309","526596 棒棒優希臘式優格雪糕-原味燕麥",""
"EAN13","4710784968323","526685 棒棒優希臘式優格雪糕-草莓",""
"EAN13","4710981565011","376674 喜生照燒牛肉三角飯糰",""
"EAN13","4710981565028","382335 喜生冠軍飯糰（年輪飯糰）",""
"EAN13","4711046113185","581912 BioLead小蘇打洗衣粉補充包1.4kg",""
"EAN13","4711946901349","308023 爭鮮黃金甜玉米粒",""
"EAN13","4712572330091","339667 呷七碗台式炒麵",""
"EAN13","4712876829932","539409 最乾淨毛巾2入",""
"EAN13","4712927550686","575045 老協珍熬雞精一入",""
"EAN13","4712927551102","533251 老協珍人蔘精",""
"EAN13","4712927551874","548298 TOMMI湯米-鮭魚起司米漢堡",""
"EAN13","4712927551881","548548 TOMMI湯米-壽喜燒牛肉米漢堡",""
"EAN13","4712927553076","828238 老協珍熬雞精一入—暖薑",""
"EAN13","4712927553984","854311 TOMMI湯米-韓式燒肉米漢堡",""
"EAN13","4712927554370","995623 TOMMI湯米-麻油杏鮑菇米漢堡",""
"EAN13","4712927554752","989496 老協珍美顏飲 65ml",""
"EAN13","4713145009321","605353 (熱)蠟筆小新蜂蜜風味牛乳CAN240",""
"EAN13","4713145009345","595804 (熱)蠟筆小新焦糖風味牛乳CAN240",""
"EAN13","4713145009437","592202 栗庵甘栗仁",""
"EAN13","4713213502976","346087 芊柔 xSNOOPY 純水濕巾80抽-春遊",""
"EAN13","4713410990583","712190 我的心機超能安瓶保濕面膜4入",""
"EAN13","4713410991580","338556 我的心機香氛涼感防曬噴霧SPF50 90ml",""
"EAN13","4713410991597","338796 我的心機精油香氛防喔噴霧SPF50 90ml",""
"EAN13","4713410993041","329483 我的心機超能安瓶透白面膜4入",""
"EAN13","4713410993065","328752 我的心機超能安瓶水潤面膜4入",""
"EAN13","4713410994253","609926 我的心機 極輕柔細緻洗臉巾100抽",""
"EAN13","4713469432645","909314 DUSKIN餐具洗潔精300ML",""
"EAN13","4713575085278","354312 自白肌玻尿酸防曬乳SPF50","20260814_五六日_030"
"EAN13","4713575101343","391374 美麗日記保濕能亮黑珍珠面膜6入",""
"EAN13","4713575101367","395664 美麗日記修護能亮黑珍珠面膜6入",""
"EAN13","4713575127848","635097 美麗日記蜜若藍超能補水面膜2入",""
"EAN13","4713575130206","813998 利捷維有酵金盞花葉黃素精華飲",""
"EAN13","4713575133962","535459 自白肌玻尿酸涼感防曬噴霧90ml",""
"EAN13","4713869002332","526024 babydream海洋深層水濕巾70抽3入",""
"EAN13","4713869002431","584972 寶可夢沙灘海洋深層水厚濕巾80抽",""
"EAN13","4713869002448","585099 寶可夢集合海洋深層水厚濕巾80抽",""
"EAN13","4714108909009","356685 今川農場蜂蜜黑木耳露",""
"EAN13","4716872044986","338562 我的心機亮白保濕防曬噴霧SPF50 90ml",""
"EAN13","4717431100334","402738 Panasonic鹼性3號10入",""
"EAN13","4717431100341","402741 Panasonic鹼性4號10入",""
"EAN13","4718008517777","934630 儂儂棉襪5入組",""
"EAN13","4718008519450","523823 儂儂3入中筒棉襪",""
"EAN13","4718201213148","308815 EXTRA無糖口香糖香甜葡萄口味",""
"EAN13","4718201217115","391407 Extra潔淨無糖口番糖青蘋萊姆",""
"EAN13","4891259324124","177306 金頂鹼性3號電池4+2",""
"EAN13","4893565200918","386267 SHEBA金罐鮮湯鮪魚片",""
"EAN13","4893565200925","385997 SHEBA金罐鮪魚及蟹肉",""
"EAN13","4897878870011","536502 日清一風堂豚骨湯味白丸速食麵",""
"EAN13","4897878870028","536504 日清一風堂辣豚骨湯味赤丸速食麵",""
"EAN13","4901133716584","434542 CIAO啾嚕肉泥（鰹魚）",""
"EAN13","4901133718298","434517 CIAO啾嚕肉泥-化毛配方（鮪魚）",""
"EAN13","4901170000905","355112 嘎哩嘎哩君剉冰棒-蘇打",""
"EAN13","4901170002282","616220 嘎哩嘎哩君剉冰棒-巨峰葡萄味",""
"EAN13","4901170002602","509999 嘎哩嘠哩君剉冰棒-漂浮可樂風味",""
"EAN13","4901170020958","510020 大人系嘎哩君剉冰棒-蘋果風味",""
"EAN13","4901201150609","569387 UCC赤濃醇黑咖啡CAN185",""
"EAN13","4901201208096","439352 UCC無糖咖啡CAN185g",""
"EAN13","4901301419057","598159 Attack一匙靈極效洗衣霸 24入",""
"EAN13","4901360291229","307642 Bourbon FET葡萄軟糖",""
"EAN13","4901360351497","547982 Bourbon一口巧克力夾心餅乾",""
"EAN13","4901360353958","591924 Bourbon Choco巧克力布朗尼棒",""
"EAN13","4901360353965","591860 Bourbon Choco牛奶巧布朗尼棒",""
"EAN13","4901360803507","838611 Bourbon FET可樂口味軟糖",""
"EAN13","4901411034386","361885 KIRIN午後紅茶-原味紅茶PET500",""
"EAN13","4901411034447","361943 KIRIN午後紅茶-檸檬紅茶PET500",""
"EAN13","4901592929211","542281 義大利皮米堤沃紅葡萄酒",""
"EAN13","4901592929228","542273 西班牙慕維德爾紅葡萄酒",""
"EAN13","4902704881052","116776 國際牌3號電池4入",""
"EAN13","4902750404137","422625 味覺糖OPEN小將綜合水果條糖",""
"EAN13","4902750414952","657215 味覺糖OPEN小將黑糖珍奶條糖",""
"EAN13","4902750448940","594198 味覺糖OPEN小將西瓜汽水條糖",""
"EAN13","4902775054935","373927 星太郎超寬條餅-雞汁口味",""
"EAN13","4902777025902","905118 明治牛奶巧克力（條裝）",""
"EAN13","4902777026084","905105 明治黑可可製品條裝",""
"EAN13","4902888334115","474618 森永牛奶糖雪派",""
"EAN13","4902888973659","457766 森永抹茶牛奶糖雪派",""
"EAN13","4903032242393","381389 雷神巧克力餅乾香醇奶油",""
"EAN13","4903032242409","345024 黑雷神牛奶巧克力餅乾",""
"EAN13","4903032242690","574119 日本黑雷神馥郁巧克力蛋糕餅乾",""
"EAN13","4904680966563","916903 日本7PREMIUM 油炸茄子佐和風高湯",""
"EAN13","4909411096472","510415 KIRIN午後紅茶-熱紅茶PET400",""
"EAN13","4909411096519","510433 KIRIN午後紅茶-熱檸檬紅茶PET400",""
"EAN13","4955129012747","311072 日本Tarami蒟蒻凍飲-水蜜桃風味",""
"EAN13","4955129012754","310854 日本Tarami蒟蒻凍飲-葡萄風味",""
"EAN13","4955129012761","312480 日本Tarami蒟蒻凍飲-蘋果風味",""
"EAN13","4969244508252","366722 泰國PunBun奶油吐司餅乾隨手包",""
"EAN13","4969244508276","366738 泰國PunBun大蒜吐司餅乾隨事包",""
"EAN13","4971710491814","828924 雪肌粹完美BB霜01（明亮肌）",""
"EAN13","4971710491821","828928 雪肌粹完美BB霜02（自然肌）",""
"EAN13","4973480422708","568960 7PREMIUM優勝美地氣泡葡萄酒",""
"EAN13","4973480422715","568950 7PREMIUM 優勝美地氣泡粉紅酒",""
"EAN13","4976994150839","530574 哈根達斯濃旨焦糖雪酥",""
"EAN13","4976994150976","567107 哈根達斯日式黃豆粉奶霜蛋糕雪酥",""
"EAN13","4976994150983","606816 哈根達斯榛果拿鐵雪酥",""
"EAN13","4976994151010","610663 哈根達斯覆盆子香草巴菲雪酥",""
"EAN13","4984824045965","185886 國際牌4號電池4入",""
"EAN13","4987036486717","369581 近江唇釉酷露露草莓風味(皇家紅)",""
"EAN13","4987036486724","369573 近江唇釉酷露露蜜桃風味(皇家粉)",""
"EAN13","4987036486731","369585 近江唇釉酷露露葡萄風味(酒紅",""
"EAN13","4987176179234","395170 好自在液體材質衛生棉27cm10片",""
"EAN13","6294001812135","279583 德芙輕巧脆心巧克力",""
"EAN13","6294001812265","279570 德芙絲滑牛奶巧克力",""
"EAN13","6294003532987","609962 雀巢奇巧威化巧克力",""
"EAN13","6294003582678","804676 雀巢奇巧酥脆威化巧克力",""
"EAN13","6925425474424","759947 加倍佳壁虎造型-酸甜軟糖",""
"EAN13","6942836720902","897410 好時巧酥可可風味金磚",""
"EAN13","7610046600503","595770 瑞士Kagi 黑巧克力威化餅乾 50g",""
"EAN13","7640163063318","568801 義大利ANYAH安尼亞植萃洗沐組",""
"EAN13","8000500359358","510146 能多益餅乾",""
"EAN13","8059591191767","531547 義大利 Florinda 寵愛芍藥香氛皂",""
"EAN13","8059591193624","531415 義大利 Florinda 薰衣草舒眠香氛皂",""
"EAN13","8410644140208","554914 西班牙Cofama氣泡酒",""
"EAN13","8410644140222","555126 西班牙Cofama粉紅氣泡酒",""
"EAN13","8801043054768","806348 農心辛辣白菜風味拉麵袋",""
"EAN13","8801043061674","945050 農心辛炒麵",""
"EAN13","8801043150606","387500 農心辛拉麵（包）",""
"EAN13","8801045033181","563186 韓國不倒翁頂級金炸醬拉麵",""
"EAN13","8801045725512","539380 不倒翁蔥燒牛肉風味碗麵6入組",""
"EAN13","8801382124849","353881 韓國熊津大麥飲",""
"EAN13","8801382150329","537132 韓國熊津玉米鬚茶",""
"EAN13","8801382150763","633850 韓國熊津青梅飲",""
"EAN13","8801382702740","668715 韓國熊津米漿年糕冰",""
"EAN13","8801382702757","668721 韓國熊津青梅脆脆冰",""
"EAN13","8801382703181","862284 韓國Sweetory青梅軟糖",""
"EAN13","8801382703266","862480 韓國熊津黑芝麻年糕冰淇淋","20260814_五六日_011"
"EAN13","8801382703495","838260 韓國熊津紅蔘飲",""
"EAN13","8801382703778","315995 韓國熊津不添加糖紅蔘飲",""
"EAN13","8801725002032","358742 韓國SJ史努比香蕉可可威化酥",""
"EAN13","8802534052508","622787 韓國Sweetory 杏仁可可球",""
"EAN13","8802534880460","674788 韓國Sweetory彩虹口香糖",""
"EAN13","8802534888886","735501 韓國Sweetory葡萄QQ可可球",""
"EAN13","8802534888893","776527 韓國Sweetory蜂蜜奶油風味杏仁果",""
"EAN13","8802534888909","776530 韓國Sweetory海苔杏仁果",""
"EAN13","8802534889005","914964 韓國Sweetory優格QQ白可可球",""
"EAN13","8802534889098","606193 韓國Sweetory卡門培爾起司餅乾",""
"EAN13","8802534889104","606163 韓國Sweetory切達起司餅乾",""
"EAN13","8802667002937","308442 韓國MB寶寶香氛潔淨沐浴乳1L",""
"EAN13","8802667002944","369531 韓國 MB白麝香氛保濕身體乳 500ml",""
"EAN13","8802667003231","308131 韓國MB白麝香氛潔淨沐浴乳1L",""
"EAN13","8802667003248","369526 韓國MB寶寶香氛保濕身體乳500ml",""
"EAN13","8802667005457","553463 韓國MB積雪草舒緩洗髮精",""
"EAN13","8802667007468","519297 韓國MB大馬士革玫瑰洗髮精500ml",""
"EAN13","8802667007475","519423 韓國MB大馬士革玫瑰護髮乳 500ml",""
"EAN13","8802667008380","630864 韓國 Milk Baobab 白麝香氛旅行組",""
"EAN13","8803348037446","519732 韓國AROUND ME蜜桃香氛沐浴乳",""
"EAN13","8803348045991","300190 韓國AROUND ME積雪草舒緩沐浴乳",""
"EAN13","8808244530237","785353 韓國濟州SamDaSoo火山岩盤礦泉水",""
"EAN13","8809260944886","601334 韓國X5花生巧克力風味捲心酥",""
"EAN13","8809301761229","595696 韓國Ariel卸妝潔顏濕巾15入",""
"EAN13","8809301765883","597981 G)韓國Ariul眼唇卸妝棉 （30片）",""
"EAN13","8809329050503","679466 韓國YOUUS櫻花氣泡飲",""
"EAN13","8809426953318","532321 NF蘆薈保濕舒緩噴霧150ml",""
"EAN13","8809477172188","586453 韓國Rucipello牙膏旅行組-森林",""
"EAN13","8809479546024","532225 NF蘆薈保濕舒緩凝膠300ml",""
"EAN13","8809494810919","508012 韓國爸爸的農場蘋果汁",""
"EAN13","8809521670776","519596 LePlein 濟州擴香瓶涉地油菜花開",""
"EAN13","8809521671100","519634 LePlein 濟州擴香瓶挾才清晨海風",""
"EAN13","8850157400022","096524 泰國Bento辣味魷魚-香蒜口味",""
"EAN13","8850157400107","096537 泰國Bento辣味魷魚-香辣口味",""
"EAN13","8850332251364","366612 泰國IMPERIAL草莓風味果醬餅乾",""
"EAN13","8850332251593","366577 泰國IMPERIAL藍莓風味果醬餅乾",""
"EAN13","8851019410135","525792 格力高百奇巧克力棒",""
"EAN13","8851019410142","525831 格力高百奇草莓棒",""
"EAN13","8851019410173","349911 格力高百奇牛奶餅乾巧克力棒",""
"EAN13","8887549315770","805006 國際 EVOLTA 鈦元素電池 3號4入",""
"EAN13","8887549315794","805028 國際 EVOLTA 鈦元素電池 4號 4入",""
"EAN13","8887549665004","792759 國際 EVOLTA 鈦元素電池3號6入",""
"EAN13","8887549665011","792753 國際 EVOLTA 鈦元素電池4號6入",""
"EAN13","8934677063315","349711 樂天XYLITOL無糖口香糖-萊姆薄荷",""
"EAN13","8934677063414","349186 樂天XYLITOL無糖口香糖-藍莓薄荷",""
"EAN13","8935084103892","875303 越南HIS&HERS鹹酥風味腰果",""
"EAN13","8935084103908","875836 越南HIS&HERS 芥末風味腰果",""
"EAN13","8935084103953","398359 越南 HIS&HERS 甜味腰果",""
"EAN13","8935084104035","875832 越南HIS&HERS 辣味腰果",""
"EAN13","8936101341679","366631 越南Tan Tan芥末脆皮青豆",""
"EAN13","9002490204228","420910 紅牛能量飲CAN250ml",""
"EAN13","9331275012278","366520 印尼Redondo可可風味捲心酥",""
"EAN13","9331275012544","366442 印尼Redondo草莓風味捲心酥",""
"EAN13","9334214004594","309417 西莎蒔蘿焗烤菲力牛口味","20260814_五六日_033"
"EAN13","9334214033105","367736 西莎南法野菜燉雞口味",""
"EAN8","23155930","315593 貓福珊迪鰅魚燒2入卡士達口味",""
"EAN8","23396159","339615 御料小館X世界的山將夢幻雞翅",""
"EAN8","23457577","345757 CITY TEA莓好光櫻心凍風味紅茶",""
"EAN8","23464728","346472 CITY CAFE莓好光櫻心凍風味拿鐵",""
"EAN8","23500662","350066 木曜香草可麗露",""
"EAN8","23501775","350177 木曜白葡萄大福",""
"EAN8","23529908","352990 奇美招牌鮮肉包",""
"EAN8","23730298","373029 （A）御料小館泰式打拋豬炒飯",""
"EAN8","23836167","383616 (A)御料小館原味嫩雞塊",""
"EAN8","24072861","407286 （A）御料小館韓風拌拌炸雞",""
"EAN8","24072892","407289 御料小館美式紐奧良風味烤雞翅",""
"EAN8","24441889","444188 和風葛粉抹茶拿鐵（特大）",""
"EAN8","24442350","444235 和風葛粉焦糖瑪奇朵（特大）",""
"EAN8","24584784","458478 御料小館美式香辣雞丁",""
"EAN8","24958738","495873 御料小館招牌水餃",""
"EAN8","24988513","498851 御料小館鮮肉鍋貼",""
"EAN8","25252293","525229 春上蛋糕杯-香濃芋泥",""
"EAN8","25266153","526615 大成椒鹽炸雞柳",""
"EAN8","25299557","529955 （A）御料小館韓式泡菜鍋貼",""
"EAN8","25549249","554924 西班牙GiroRibot西班牙女郎",""
"EAN8","25549423","554942 西班牙GiroRibot安東尼高第",""
"EAN8","25550764","555076 西班牙GiroRibot美麗佳人",""
"EAN8","25566079","556607 御料小館辣味雞柳條",""
"EAN8","25636765","563676 舒潔棉柔抽取1串訂貨：562446",""
"EAN8","25703863","570386 KAFEN 卡氛極致旅行組",""
"EAN8","25923551","592355 CITY CAFE西西里風檸檬氣泡咖啡",""
"EAN8","26298139","629813 濃醇巧克力杯子蛋糕",""
"EAN8","26320175","632017 春上蛋糕杯-濃情重巧克力",""
"EAN8","26366241","636624 御料小館奶油培根義大利麵",""
"EAN8","26374406","637440 加賀屋唐揚雞",""
"EAN8","28629795","862979 蘇菲超熟睡內褲型衛生棉L2片",""
"EAN8","28704065","870406 御料小館番茄肉醬義大利麵（袋）",""
"EAN8","28883869","888386 御料小館上海風味生煎包",""
"EAN8","29759668","975966 大成舒迷雞胸肉日式塩花",""
"EAN8","29956562","995656 春上蛋糕杯（十勝奶霜口味）",""
"EAN8","45166143","306416 POP CAN 造型棒棒糖（格力高）",""
"EAN8","45205767","570953 LOTTE 雪見大福冰淇淋-红豆奶油",""
"EAN8","47108684","239730 滋露奶油口味巧克力風味糖果",""
"EAN8","47108707","239743 滋露草莓口味巧克力風味糖果",""
"EAN8","47118393","566168 易口舒草本潤喉薄荷糖蜂蜜檸檬味",""
"EAN8","47118409","566523 易口舒草本潤喉薄荷糖枇杷秋梨味",""
"EAN8","49814521","306874 加倍佳棒棒糖",""
"EAN8","76145513","629751 瑞士三角牛奶巧克力",""
"EAN8","80050278","146445 金莎三粒裝",""
"EAN8","80176732","801333 Kinder Happy Hippo健達快樂河馬",""
"EAN8","80768258","333272 健達奇趣蛋單入裝（粉色版）",""
"EAN8","80906032","482950 健達樂脆棒",""
"EAN8","80974482","333273 健達奇趣蛋單入裝（藍色版）",""
"EAN8","90162800","320319 紅牛能量飲料無糖CAN250",""
"EAN8","90454424","514182 紅牛火龍果風味能量飲料CAN250",""
"EAN8","90456565","335899 紅牛巨峰葡萄風味能量飲料CAN250",""
"EAN8","93362986","192310 西莎牛肉及肝狗食","20260814_五六日_032"
"EAN8","93362993","192307 西莎雞肉狗食","20260814_五六日_031"
"EAN8","93485517","825463 西莎鄉村嫩燒小羊肉狗食",""
"EAN8","93485524","353252 西莎野菜牛肉","20260814_五六日_034"
"EAN8","23836297","383629 御料小館椒鹽鹽酥雞",""
"EAN8","24073271","407327 御料小館香辣炸雞球",""
"EAN8","24508322","450832 御料小館x世界的山將夢幻唐揚雞",""
"EAN8","24606103","460610 御料小館沙茶豬肉蛋炒飯",""
"EAN8","24989107","498910 御料小館德州風味BBQ烤翅腿",""
"EAN8","25360677","536067 御料小館火腿肉絲黃金蛋炒飯",""
"EAN8","25583335","558333 晶華-碧玉鮮蝦餃",""
"EAN8","25600667","560066 御料小館x21Plus 美式烤雞腿",""
"EAN8","25703009","570300 阿甘薯叔冰烤地瓜",""
"EAN8","26043562","604356 御料小館韓風甜辣醬炸雞",""
"EAN8","26124889","612488 御料小館碳烤風味雞排",""
"EAN8","26250137","625013 御料小館蔥抓餅",""
"EAN8","26285177","628517 奇美芝麻流沙包",""
"EAN8","26398204","639820 御料小館秘製滷雞翅",""
"EAN8","26420882","642088 御料小館x膳馨 無骨秘製排骨酥",""
"EAN8","26613833","661383 御料小館X貳樓德州風味BBQ烤雞翅",""
"EAN8","26723112","672311 御料小館x膳馨 蜜汁醬燒雞排",""
"EAN8","26739335","673933 御料小館美式經典紐奧良烤雞翅",""
"EAN8","26896212","689621 御料小館玉米豬肉水餃",""
"EAN8","26899282","689928 御料小館日式照燒雞肉丸",""
"EAN8","26923956","692395 晶華-金黃魚子燒賣",""
"EAN8","27168707","716870 御料小館四季紅油雞丁",""
"EAN8","27171806","717180 白種元韓式洋釀拌拌炸雞",""
"EAN8","28385271","838527 御料小館X艋舺雞排-爆汁嫩雞",""
"EAN8","28716662","871666 御料小館海鮮披薩",""
"EAN8","28844112","884411 御料小館青醬蛤蜊義大利麵（袋）",""
"EAN8","29377893","937789 御料小館豆乳雞",""
"EAN8","29495092","949509 蔥阿伯鮮肉小籠湯包",""
"EAN8","26281117","628111（實）Enaak香脆點心麵 隨手包1盒",""
"EAN8","26281223","628122（實）Enaak香辣點心麵 隨手包1盒",""
"EAN13","4718201210567","379955 易口舒脆皮軟心薄荷糖-檸檬薄荷",""
"EAN13","4987240608707","522851 龍角散薄荷草本喉糖（袋）",""
"EAN8","23996441","399644 冷凍防護手套M24.5CM",""
"EAN8","24399838","439983 解凍箱（手提式-熱狗）",""
"EAN8","25898507","589850 手機",""
"EAN8","26189659","618965 甜點",""
"EAN8","23198869","319886 抽取式自用衛生紙",""
"EAN8","23497788","349778 萬用紙巾（30入）方的",""
"EAN8","23559127","355912 本設備故障中",""
"EAN8","23615434","361543 大捲筒衛生紙（12入）",""
"EAN8","24284882","428488 落地陳列箱（3入）小紅sale箱",""
"EAN8","26490892","649089 熱壓吐司專用紙袋",""
"EAN8","28807582","880758 小蘇打粉（熱壓吐司專用",""
"EAN8","23092211","309221 滷味桃太郎旗",""
"EAN8","23400917","340091 關東煮開鍋包",""
"EAN8","23402058","340205 關東煮補充包",""
"EAN8","23528215","352821 茶葉蛋桃太郎旗",""
"EAN8","23552654","355265 秋冬地瓜POP",""
"EAN8","23654396","365439 秋冬熱狗機POP",""
"EAN8","24179959","417995 蛋鍋預煮中貼紙",""
"EAN8","24322348","432234 春夏茶葉蛋POP",""
"EAN8","24338004","433800 春夏開東煮POP",""
"EAN8","24338400","433840 春夏熱狗機POP",""
"EAN8","24338493","433849 春夏滷味POP",""
"EAN8","24338905","433890 春夏地瓜POP",""
"EAN8","24709125","470912 滷味圍邊貼紙",""
"EAN8","24728133","472813 秋冬關東煮POP",""
"EAN8","24929219","492921 秋冬茶葉蛋POP",""
"EAN8","25744262","574426 10型滅火器換藥＄414",""
"EAN8","25744583","574458 20型滅火器換藥$515",""
"EAN8","25815085","581508 大亨堡盒",""
"EAN8","25837193","583719 自動門暫停服務",""
"EAN8","28819622","881962 10型滅火器$796",""
"EAN8","28820604","882060 20型滅火器$955",""
"EAN8","28822806","882280 派滅火器放置架",""
"EAN8","25327816","532781 開心果風味糖漿25g",""
"EAN8","26051109","605110 蜜桃鳥龍冰磚",""
"EAN8","26445755","644575 葡萄柚血橙冰磚",""
"EAN8","26446295","644629 大溪地檸檬冰磚",""
"EAN8","26575087","657508 黑醋栗莓果風味冰磚",""
"EAN8","27180426","718042 香蕉風味糖漿",""
"EAN13","4001518116388","732268 德國Sticati牛奶巧克力棒90g",""
"EAN13","4001518116401","732261 德國Sticati黑巧克力棒90g",""
"EAN13","4710022056850","381603 卡迪那德州薯條茄汁口味",""
"EAN13","4710088435071","542889 Lp33機能優酪乳500ml",""
"EAN13","4710088824622","428900 LP33無加糖機能優酪乳PE500ml",""
"EAN13","4710104029253","367916 五月花新柔韌抽衛100抽-咖波",""
"EAN13","4710105002019","588428 晶典小品-咖啡凍",""
"EAN13","4710105002026","324902 晶典小品-茉莉茶凍",""
"EAN13","4710105002385","682458 光泉正庄杏仁豆腐",""
"EAN13","4710154011871","603688 黑松沙士清新紅柚風味PET600",""
"EAN13","4710176044994","631476 Mini Bar 甜卡力",""
"EAN13","4710176045007","631477 Mini Bar 洋蔥圈",""
"EAN13","4711554681695","681114 UD酒精濕巾10抽",""
"EAN13","4712352001074","594071 淨可立乾洗手噴劑",""
"EAN13","4717431100525","339081 國際牌錳乾電池3號8入",""
"EAN13","4717431100532","338823 國際牌錳乾電池4號8入",""
"EAN13","4719873160426","684486 淨可立空氣除菌噴霧80ml",""
"EAN13","4719892833509","657278 幸福物語3D口罩-裸藕7入",""
"EAN13","4719892833523","657267 幸福物語3D口罩-墨黑7入",""
"EAN13","4901360351480","548771 Bourbon一口巧克力餅乾","20260814_五六日_015"
"EAN13","4901360364565","700645 BOURBON 口海苔風味洋芋片",""
"EAN13","4976994151034","337594 哈根達斯極濃焦糖雪酥",""
"EAN13","6921014042371","472658 麒麟霸啤酒330cc罐",""
"EAN13","7581001400165","523683 Catch迷你焦糖夾心牛奶巧克力",""
"EAN13","8000500066027","262321 健達繽紛樂",""
"EAN13","8801104940023","365624 韓國Binggrae草莓牛奶200ml",""
"EAN13","8801104940047","314554 韓國Binggrae香蕉牛奶200ml",""
"EAN13","8809613593303","711383 20韓果實Peace檸檬Highball-彩繪",""
"EAN8","28872696","887269",""
"EAN8","26032696","603269（W店）相撲手脆海苔獨享包辣味",""
"EAN13","4710543024239","569423 樂事輕雪鹽口味莎莎風味醬49元",""
"EAN13","4710953086025","538185 日香鹽酥冬筍餅",""
"EAN13","4711595600273","688837（W店）纖享樂紅豆銅鑼燒3入",""
"EAN13","4718262111285","803232 阿華田營養巧克力麥芽飲品",""
"EAN13","4902201445191","683014 星巴克特選系列太妃核果風味拿鐵",""
"EAN13","4970765131294","665925 扇屋點心起司條8g",""
"EAN13","8858223028279","549599 Sweetory迷你脆脆條-蒜蝦",""
"EAN13","0017854100466","547197 英國BH玫瑰香氛洗手乳",""
"EAN13","4710068006673","614519 日本NIJIYA青森蘋果蜂蜜調酒",""
"EAN13","4710110233040","422645 味味A排骨雞風味乾麵（碗）",""
"EAN13","4710777120165","304683 白蘭氏傳統雞精42g",""
"EAN13","4710829653337","404523 日本味王暢快人生奇異果精華版",""
"EAN13","4710829654709","314642 日本味王暢快人生草玫精華版",""
"EAN13","4711554681671","666067 UD嬰兒濕巾80抽",""
"EAN13","4713157541543","693905 飲豪爽（枳椇子＋紅麴錠）",""
"EAN13","4713469767259","594389 順天本草調理飲-蘋枸飲200ml",""
"EAN13","4713469767266","594128 順天本草調理飲-潤喉飲200ml",""
"EAN13","4713469768164","618818 順天本草調理飲-行醒飲200ml",""
"EAN13","4713469768188","619220 順天本草調理飲-好衛飲200ml",""
"EAN13","4901411133171","658851 KIRIN晴風啤酒500ml",""
"EAN13","4902888348327","416972 森永果汁果實冰（葡萄）",""
"EAN13","4902888350986","380823 森永果汁果實冰（麝香葡萄）",""
"EAN13","4942568230023","788709 日本NIJIYA山梨水蜜桃調酒",""
"EAN13","8801382150336","646914 韓國熊津枳椇子活力甘茶",""
"EAN13","8801382151593","518910 韓國熊津決明子茶",""
"EAN13","8802534889302","521996 韓國Sweetory夏威夷果可可球",""
"EAN13","8802534889487","700863 韓國Sweetory玉米風味杏仁果",""
"EAN13","8809624620869","682199 韓國真果實白葡萄酒調酒",""
"EAN13","8809624620876","682194 韓國真果實紅葡萄酒調酒",""
"EAN8","20031688","003168 現萃茶-濾紙",""
"EAN8","20031718","003171 4杯紙袋*50",""
"EAN8","20031848","003184 ART羊毛小刷",""
"EAN8","20032814","003281 台新機共用長柄刷",""
"EAN8","20033750","003375 咖啡電子秤",""
"EAN8","20034726","003472 咖啡保溫壺",""
"EAN8","20035792","003579 ART白色小刷",""
"EAN8","20038960","003896 咖啡溫度計",""
"EAN8","20039066","003906 咖啡紅蠟筆*6",""
"EAN8","20059668","005966 噴霧器-噴頭",""
"EAN8","20061036","006103 廢筆電回收袋5入破壞袋",""
"EAN8","20616694","061669 砂糖T00",""
"EAN8","20355265","035526 地瓜磅秤靜貼",""
"EAN8","20618186","061818 冰塊紅×30",""
"EAN8","20618216","061821 冰塊藍×20",""
"EAN8","20951382","095138 POP雙面膠",""
"EAN8","20951412","095141 大燒包紙袋",""
"EAN8","20994594","099459 A4特殊紙",""
"EAN8","20995140","099514 IBON票卷信封",""
"EAN8","21058660","105866 甜辣醬",""
"EAN8","21146060","114606 HR30熱狗告知卡鐵架",""
"EAN8","21159084","115908 時間貼紙",""
"EAN8","21214318","121431 纸巾36包",""
"EAN8","21236822","123682 關東煮小碗",""
"EAN8","23865327","386532 台式辣味噌醬",""
"EAN8","23879614","387961 法國 EVIAN 依雲天然礦泉水 PET500",""
"EAN8","23905900","390590 冰淇淋湯匙20入",""
"EAN8","23915596","391559 CITY CAFE專用乳",""
"EAN8","23924451","392445 原味黑珠",""
"EAN8","23928275","392827 EVERSYS專用中小刷",""
"EAN8","23945401","394540 M牌咖啡機藥水",""
"EAN8","23958128","395812 60公分紙箱",""
"EAN8","23958258","395825 90公分紙箱",""
"EAN8","23958388","395838 120公分紙箱",""
"EAN8","23960459","396045 循環杯專用杯蓋50個",""
"EAN8","23977594","397759 冷凍食品專用盒",""
"EAN8","24001793","400179 手持吸塵器$295元",""
"EAN8","24039802","403980 珍珠飲品熱杯蓋",""
"EAN8","24041133","404113 交貨便寄件箱（小）$8",""
"EAN8","23996847","399684 冷凍防護手套L25.5CM",""
"EAN8","24041140","404114 交貨便寄件箱（中）$12",""
"EAN8","24047883","404788 御料小館鹽味毛豆",""
"EAN8","24056007","405600 特大杯裸棒（100入）",""
"EAN8","24067041","406704 拍賣出清貼紙3折",""
"EAN8","24067157","406715 拍賣出清貼紙7折",""
"EAN8","24067256","406725 拍賣出清貼紙5折",""
"EAN8","24072670","407267 現萃茶杯(大)",""
"I35","27496527","749652 晶英-韓式炸豬排起司雙拼飯卷",""
"I35","27496572","749657 晶英-台韓半半炸雞便當",""
"I35","27511893","751189 晶英-韓式泡菜豬肉豆腐煲燴飯",""
"EAN8","21236952","123695 關東煮大碗",""
"EAN8","21237058","123705 小蓋",""
"EAN8","21237188","123718 大蓋",""
"EAN8","21490798","149079 抹布3片",""
"EAN8","23318793","331879 可生物降解寄件袋",""
"EAN8","23324664","332466 4X6專用紙",""
"EAN8","23359536","335953 冰塊綠×16",""
"EAN8","23359895","335989 台新SOUL",""
"EAN8","23363359","336335 御料小館蜜汁雞排",""
"EAN8","23366909","336690 水果糖液",""
"EAN8","23273856","327385 秋冬滷味POP",""
"EAN8","23367470","336747 茶葉蛋靜電貼",""
"EAN8","23385337","338533 御料小館招牌水煎包",""
"EAN13","4710247026522","691690 CADBURYOREO餅乾夾心牛奶巧克力",""
"EAN13","4713139018674","668978 貝禮詩綜合奶酒風味夾心巧克力",""
"EAN13","4718201218839","323960 彩虹糖混合水果口味",""
"EAN13","4901360353996","728883 G）BOURBON巧克力風味海綿蛋糕棒",""
"EAN13","4902777139746","525169 明治果汁QQ軟糖-葡萄口味",""
"EAN13","4903032243741","720002 雷神濃醇草莓奶霜巧克力味餅乾",""
"EAN13","5904637006204","669220 MAGNAT橘子風味夾心巧克力（熊）",""
"EAN13","5904637007027","669325 MAGNAT榛果夾心牛奶巧克力（吊飾）",""
"EAN13","6221134014020","686668 特趣焦糖夾心巧克力-鹹焦糖",""
"EAN13","8008743024552","669733 義大利萊卡Laica精緻綜合巧克力",""
"EAN13","8008743024590","669829 義大利萊卡Laica綜合酒心巧克力",""
"EAN13","8691216090477","472970 哈瑞寶明星總動員Q軟糖80g",""
"EAN13","8850338009471","682713 HallsXS無糖薄荷風味糖酷爽薄荷",""
"EAN13","8902433030147","681219 士力架花生可可棒-草莓口味",""
"EAN8","40144016","073444 偉特鮮奶油糖50g",""
"EAN8","47112148","601689 Airwaves超涼薄荷糖",""
"EAN8","80844969","695317 健達健達利尼2入裝",""
"EAN8","21490828","149082 菜瓜布",""
"EAN13","8850125007000","745441  美祿濃厚冰淇淋筒",""
"EAN8","27158449","715844 元氣御選臻白卵（動福白蛋）",""
"EAN8","21491764","149176 去污粉",""
"EAN8","21705168","170516 攪拌棒*1000",""
"EAN8","21732218","173221 化妝室公約",""
"EAN8","21881350","188135 熱狗插座",""
"EAN8","21926662","192666 3M除膠劑",""
"EAN8","21962912","196291 熱狗吸油布",""
"EAN8","21965340","196534 大白熊",""
"EAN8","21967252","196725 禮盒金布",""
"EAN8","22479518","247951 後台POS用報表紙",""
"EAN8","22500830","250083 2杯紙袋（出完為止）",""
"EAN8","22539342","253934 鷹爪勾",""
"EAN8","22553928","255392 POP吊旗組紙桿",""
"EAN8","22611970","261197 大亨堡盒",""
"EAN8","22772510","277251 醬油膏",""
"EAN8","23004337","300433 交貨便寄件袋",""
"EAN8","23029064","302906 櫃檯區暫停服務牌NEW",""
"EAN8","23029484","302948 清潔中（廁所用）",""
"EAN8","23065857","306585 可重複使用提袋2杯裝",""
"EAN8","23068209","306820 可重複使用提袋1杯裝",""
"EAN8","23469679","346967 W",""
"EAN8","23465008","346500 正確洗手步驟",""
"EAN8","23471962","347196 OSC啤酒警語",""
"EAN8","23473553","347355 循環杯-大14個",""
"EAN8","23473614","347361 循環杯-中18®",""
"EAN8","23454996","345499 冰胭脂紅茶珍珠歐蕾（特大）",""
"EAN8","23456136","345613 IBON紙卷",""
"EAN8","23140479","314047 eTag小卡",""
"EAN8","23218291","321829 台車擺放注意警語",""
"EAN8","23228306","322830 落地陳列箱（3入）",""
"EAN8","23229792","322979 精品咖啡天吊旗",""
"EAN8","23231818","323181 現蒸地瓜下方價格牌",""
"EAN8","23247550","324755 36mm寬膠帶",""
"EAN8","23249592","324959 12mm細膠帶",""
"EAN8","23394490","339449 甜點湯匙",""
"EAN8","23395794","339579 現萃茶砂糖",""
"EAN8","23396661","339666 蜂蜜糖液",""
"EAN8","23402935","340293 茶葉蛋袋16*20（300入）",""
"EAN8","23405790","340579 交貨便服務單袋 $0",""
"EAN8","23430655","343065 冰塊杯",""
"EAN8","23449534","344953 櫃台煙酒四機回收",""
"EAN8","23473775","347377 循環杯-特大10個",""
"EAN8","23484023","348402 咖啡色魔布2入",""
"EAN8","23510883","351088 S80冷凍專用箱（中）$19",""
"EAN8","23493414","349341 手機",""
"EAN8","23538665","353866 單杯萃茶機每日清潔藥片",""
"EAN8","23586512","358651 電池回收桶",""
"EAN8","23598270","359827 3M雙面膠",""
"EAN8","23601307","360130 封膜機專用膜",""
"EAN8","23610699","361069 鮮食付費提網（2元）",""
"EAN8","23633674","363367 業務用氣泡水",""
"EAN8","23664098","366409 現萃茶機專用藥錠",""
"EAN8","23670860","367086 可可粉包",""
"EAN8","23673557","367355 特大紙杯（22oz）",""
"EAN8","23675551","367555 EVERSYS牛奶藥水",""
"EAN8","23747104","374710 茶葉蛋滷汁",""
"EAN8","23762572","376257 茶葉蛋吸渣布",""
"EAN8","23765740","376574 防倒輔助板10入",""
"EAN8","23776555","377655 中型禮盒提袋（5入）",""
"EAN8","23792982","379298 A4POP陳列板5入",""
"EAN8","23793187","379318 A3POP陳列板3入",""
"EAN8","24072724","407272 現萃茶杯(特大)",""
"EAN8","24080910","408091 現萃茶杯套",""
"EAN8","24105194","410519 中杯*50",""
"EAN8","24105514","410551 大杯*50",""
"EAN8","24113250","411325 計時器",""
"EAN8","24123853","412385 滷味小碗50入",""
"EAN8","24124195","412419 滷味大碗50入",""
"EAN8","24454322","445432 無障礙斜坡",""
"EAN8","24465533","446553 珍珠奶茶專用粉包（冷熱專用）",""
"EAN8","24147958","414795 Brother 碳粉匣（新式）",""
"EAN8","24209250","420925 75%酒精-500ml",""
"EAN8","24209304","420930 門市自用抽取式衛生紙",""
"EAN8","24210119","421011 精品專用熱杯蓋（黑）",""
"EAN8","24211123","421112 精品專用紙杯（中）",""
"EAN8","24212687","421268 精品專用杯套",""
"EAN8","24484411","448441 循環杯專用杯套200個",""
"EAN8","24502108","450210 交貨便文件盒   $ 5",""
"EAN8","24521444","452144 奶精*50",""
"EAN8","24604017","460401 現萃茶試飲杯（綠杯）",""
"EAN8","24624640","462464 萬用去污液",""
"EAN8","24638210","463821 小心自動門",""
"EAN8","24641814","464181 熱狗品名卡",""
"EAN8","24642286","464228 高溫小心",""
"EAN8","24663199","466319 檸檬糖液",""
"EAN8","24643016","464301 關東煮預煮中POP",""
"EAN8","24699648","469964 咖啡兩用紙提袋（2元）",""
"EAN8","24739634","473963 廁所貼心提醒",""
"EAN8","24741262","474126 A4黑白紙",""
"EAN8","24741392","474139 A3黑白紙",""
"EAN8","24805360","480536 蕃茄醬",""
"EAN8","24809504","480950 貨架背板POP夾",""
"EAN8","24871938","487193 退貨用束帶橘",""
"EAN8","24925570","492557 濾心吊卡",""
"EAN8","24926355","492635 如廁後請洗手",""
"EAN8","24939980","493998 量水杯3L",""
"EAN8","24970341","497034 餘額卡",""
"EAN8","25059014","505901 交貨便寄件箱（大）",""
"EAN8","25203196","520319 75%酒精-4L",""
"EAN8","25275452","527545 加強型洗潔精",""
"EAN8","25308068","530806 精品咖啡豆",""
"EAN8","25330656","533065 美式豆",""
"EAN8","25330786","533078 拿鐵豆",""
"EAN8","25332308","533230 交貨便量尺",""
"EAN8","25337259","533725 客情服務卡",""
"EAN8","25352917","535291 精品專用紙杯（大）",""
"EAN8","25358186","535818 中大杯蓋",""
"EAN8","25361117","536111 LED-10W黃光＄173",""
"EAN8","25361179","536117 LED-10W白光＄173",""
"EAN8","25371376","537137 鮮食試飲杯（綠標）",""
"EAN8","25372182","537218 2杯架50入",""
"EAN8","25372212","537221 4杯架50入",""
"EAN8","25376036","537603 筷子100入",""
"EAN8","25376326","537632 禮盒提袋（5入）",""
"EAN8","25377262","537726 通用大中小刷子組",""
"EAN8","25384680","538468 補貨台車輪子",""
"EAN8","25387148","538714 試吃用剪刀",""
"EAN8","25387278","538727 試吃用刀子",""
"EAN8","25387308","538730 試吃用砧板",""
"EAN8","25388404","538840 塑膠防潮板6入",""
"EAN8","25466362","546636 珍珠椰果",""
"EAN8","25475128","547512 大亨堡POP",""
"EAN8","25475708","547570 茶葉蛋POP",""
"EAN8","25485172","548517 超大咖紙杯",""
"EAN8","25507751","550775 優格風味糖漿包",""
"EAN8","25668193","566819 塑膠深口湯匙100入（減塑）",""
"EAN8","25533330","553333 生理用品袋",""
"EAN8","25738629","573862 白色戀人",""
"EAN8","25738827","573882 莫西多",""
"EAN8","25748567","574856 精品咖啡桃太郎旗",""
"EAN8","29168477","916847 阿華田粉包",""
"EAN8","29348718","934871 精品咖啡外橫布旗",""
"EAN8","29460625","946062 瓶裝商品禮盒提袋（5入）",""
"EAN8","29669868","966986 防水時間貼紙",""
"EAN8","28817970","881797 咖啡杯套*50",""
"EAN8","23677852","367785 德國貝克曼博士超潔淨去漬筆",""
"EAN13","4527492224098","574540 Snaclub沖繩南高梅風味番茄乾",""
"EAN13","4710036602487","591156 靠得住茶樹舒涼棉日用23cm10片",""
"EAN13","4710036602500","656832 靠得住茶樹舒涼棉夜用28cm9片",""
"EAN13","4710085104116","131324 伯朗咖啡CAN240",""
"EAN13","4710085104130","131337 伯朗咖啡藍山風味CAN240",""
"EAN13","4710085104178","182032 伯朗咖啡曼特寧風味CAN240",""
"EAN13","4710085229536","396458 柏克金德式小麥啤酒330ml",""
"EAN13","4710088063298","380972 瑞穗鮮乳巧酥雪糕",""
"EAN13","4710088471888","543380 原味本舖牛奶花生CAN255",""
"EAN13","4710174122885","608351 微笑河馬餅（巧克力風味）",""
"EAN13","4710174122946","610165 微笑河馬餅（牛奶風味）",""
"EAN13","4711554681688","666062 UD酒精濕巾30抽 單特39元",""
"EAN13","4807770190025","273464 Kid-O三明治餅乾（奶油口味）",""
"EAN13","4903032243871","746770 日本黑雷神一口草莓巧布朗尼",""
"EAN13","4995257333109","579901 Snaclub沖繩日式梅片",""
"EAN13","8801173603546","540967 韓國MKH無窮花手洗精-襪子衣領",""
"EAN13","8801173603638","541018 韓國MKH無窮花手洗精貼身衣物",""
"EAN13","8888021100327","521217 永備碳鋅電池9V1入",""
"EAN13","8936101344359","525692 越南Tan Tan蒜辣花生",""
"EAN13","8936101345929","525728 越南Tan Tan蒜辣脆皮花生",""
"EAN13","9312931540076","613567 勁量鈕扣型鹼性電池A76",""
"EAN13","4710036542219","446080 靠得住草本抑菌日用23cm14片",""
"EAN13","4710036545524","358392 靠得住草本抑菌夜薄28cm 12片",""
"EAN13","4710088425317","705908 統一H20純水PET600",""
"EAN13","4710088471765","573406 HIS CAFE純黑咖啡CAN185",""
"EAN13","4710088471772","573411 HIS CAFE醇熟咖啡CAN185",""
"EAN13","4710110238342","305562 味味一品天香川味牛肉麵",""
"EAN13","4710699401625","351337 手摘果物-紹興梅",""
"EAN13","4710699501042","396850 手摘果物仙楂果",""
"EAN13","4711046152092","731239 UD抗菌濃縮洗衣精1.2kg（室晾）",""
"EAN13","4711438370271","577727 手摘果物 遇見梅桃",""
"EAN13","4711554681763","666060 UD涼感濕巾30抽",""
"EAN13","4901411099194","668613 KIRIN冰結STRONG華麗巨峰葡萄500",""
"EAN13","4909411077457","430604 KIRIN午後紅茶-無糖紅茶PET500",""
"EAN13","8801043018470","555859 農心辛拉麵（辣白醬風味）137g","20260814_五六日_008"
"EAN13","8801043046138","715905 農心辛炒麵辛辣白菜味（包）","20260814_五六日_009"
"EAN13","8801045570082","353181 不倒翁金拉麵辛辣杯麵",""
"EAN13","8858223028286","549690 Sweetory迷你脆脆條-椒鹽",""
"EAN13","9300682036986","898950 麥提莎麥芽脆心黑巧克力37g",""
"EAN13","9310161020351","691023 澳洲Bulla特濃雙層巧克力雪糕",""
"EAN8","25940794","594079 新UNIDESIGN新柔感抽衛",""
"EAN8","93682268","186256 麥提莎巧克力",""
"EAN8","27495988","749598麻辣鍋貼",""
"EAN8","25761344","576134 6mm PLA一般細吸管",""
"EAN8","25768527","576852 大亨堡專用L型紙袋500入",""
"EAN8","25771367","577136 現蒸地瓜專用袋200個",""
"EAN8","25778151","577815 芋圓",""
"EAN8","25803235","580323 大捲筒衛主紙（12A）",""
"EAN8","25803822","580382 擦手紙（20入）",""
"EAN8","25803860","580386 萬用紙巾（30入）",""
"EAN8","25816372","581637 青梅糖漿",""
"EAN8","25933451","593345 EVERSYS咖啡藥球",""
"EAN8","25854862","585486 果糖*20",""
"EAN8","25978759","597875 精品專用試飲杯",""
"EAN8","26034768","603476 滷味開鍋包12入",""
"EAN8","26034539","603453 滷味補充包24入",""
"EAN8","26065793","606579 交貨便120公分箱$25",""
"EAN8","26126401","612640 芋泥",""
"EAN8","26171524","617152 燕麥奶",""
"EAN8","26227542","622754 黑糖珍珠",""
"EAN8","26435886","643588 藍色魔布2入",""
"EAN8","26457345","645734 紅茶茶葉",""
"EAN8","26633770","663377 咖啡豆密封棒（4A）",""
"EAN8","26754352","675435 原黒色垃圾袋30入",""
"EAN8","26757193","675719 經濟交貨便傳用袋$3",""
"EAN8","26817965","681796 冰淇淋",""
"EAN8","26943749","694374 香草焦糖風味瑪奇朵糖漿",""
"EAN8","26944944","694494 黃金榛果太妃風味糖漿",""
"EAN8","26966984","696698 焙烤榛果風拿鐵糖漿",""
"EAN8","26968667","696866 交貨便IBON貼紙捲（北）",""
"EAN8","26966991","696699 太妃焦糖風味瑪奇朵糖漿",""
"EAN8","26974392","697439 皇家伯爵紅茶粉包（冷熱共用）",""
"EAN8","26999234","699923 郵局便利袋1號包",""
"EAN8","26999456","699945 郵局便利袋2號包",""
"EAN8","27095010","709501 105 經濟宅急便外箱",""
"EAN8","27036778","703677 交貨便IBON貼紙捲（南）",""
"EAN8","27116241","711624 養樂多吸管100支",""
"EAN8","27159842","715984 芥茉醬",""
"EAN8","27159972","715997 酸黃瓜醬",""
"EAN8","27165744","716574 鮮食試吃杯",""
"EAN8","27297681","729768 贅澤八女抹茶拿鐵粉包（冷熱共用）",""
"EAN8","27418536","741853 包子品名貼纸",""
"EAN8","27420294","742029 廁所清潔表",""
"EAN8","27427576","742757 低溫警告標示牌",""
"EAN8","27427736","742773 7-ELEVEn LOGO靜貼",""
"I35","27495254","749525 晶英-麻辣奶油鮮蝦義大利麵",""
"I35","27497036","749703 星級饗宴晶英三杯蛤蜊飯糰",""
"EAN8","27749234","774923 試吃竹籤（60支）",""
"EAN8","27840344","784034 單杯青茶茶葉",""
"EAN8","28056928","805692 廁所專用垃圾桶35L",""
"EAN8","28079842","807984 10mm可分解耐熱吸管 *100支粗吸管",""
"EAN8","28164883","816488 廁所專用垃圾桶46L",""
"EAN8","28304814","830481 所長茶葉蛋專用袋",""
"EAN8","28428534","842853 折疊式禮盒架金布",""
"EAN8","28805687","880568 4X6貼紙專用紙",""
"EAN8","28813736","881373 LED緊急出口燈",""
"EAN8","28815068","881506 抽取式自用衛生紙",""
"EAN8","28815358","881535 藍色垃圾袋50入",""
"EAN8","28816904","881690 茶葉蛋墊高架",""
"EAN8","28817840","881784 地滑警示牌",""
"EAN8","28824114","882411 叉子100入（減塑）",""
"EAN8","28829898","882989 咖啡試飲杯（咖啡標）",""
"EAN8","28844327","884432 次氯酸水抗菌液5L （定貨品號有分區域）",""
"EAN8","28887126","888712 S60冷凍專用箱（小）$12",""
"EAN8","28889175","888917 S90冷凍專用箱（大）$20",""
"EAN8","29164295","916429 精品咖啡櫥窗掛軸",""
"EAN8","29737888","973788 味味A排骨雞風味乾麵（包）",""
"EAN8","29800490","980049 公賣局空箱",""
"EAN8","29906314","990631 預購單",""
"EAN13","4718201210550","379954 易口舒脆皮軟心薄荷糖-勁爽薄荷",""
"I35","27557112","755711 鮮蝦翻轉沙拉",""
"I35","27562185","756218 這不是滷肉飯（滷肉米型麵）",""
"I35","27570555","757055 翻轉肉鬆飯糰",""
"I24","27556788","755678 這不是菠蘿麵包（奶油餅乾）",""
"I24","27558140","755814 這不是抹茶鬆餅（芥末風味）",""
"EAN13","4710022077640","749241 可樂果濃厚臭豆腐口味",""
"EAN13","4710088824820","757505 統一布丁（焦糖出走咘布）100g",""
"EAN13","4710174126401","758098 三色豆風味巧克酥",""
"EAN13","4710199115800","751455 一度贊香菜牛肉麵",""
"EAN13","4710250203804","757907 杜老爺甜筒-花生香菜冰淇淋",""
"EAN13","8809719730954","757400 韓國拉麵造型杯冰-焦糖風味",""
"I35","27311486","731148",""
"EAN13","4710043054408","603486 福樂Q果優酪雪糕芒果芝芝",""
"EAN13","4710339007828","628899 福樂Q果草莓覆盆莓優酪",""
"EAN13","4710339007873","691880 福樂Q果藍莓覆盆莓優果昔210ML",""
"EAN13","4710339006784","581185 福樂燕麥草莓優酪150g",""
"EAN13","4710339007606","388606 福樂Q果葡萄奇異果優酪135G",""
"EAN13","8935084104295","714166 越南HIS&HERS香菜腰果",""
"EAN13","4012922833679","392549哈維士雪茄黃10支裝",""
"EAN13","4012922833716","392371哈維士雪茄紅10支裝",""
"EAN13","4012922850294","392362燭光原味雪茄",""
"EAN13","4012922850379","392527 哈維士雪茄白10支裝",""
"EAN13","4030600166161","527738 大衛杜夫醇萃（醇纖1mg）20支",""
"EAN13","4030600166208","527745大衛杜夫醇萃（醇纖4mg）20支",""
"EAN13","4030600178089","403379威仕25-藍25支",""
"EAN13","4030600190173","402486 纖白大衛杜夫香煙",""
"EAN13","4030600190265","402130 纖藍大衛杜夫香菸",""
"EAN13","4030600190357","398843大衛杜夫醇萃香煙20支",""
"EAN13","4030600190388","404126 大衛杜夫醇萃香煙勁黑",""
"EAN13","4030600206874","440266大衛杜夫醇萃香煙淺棕20支",""
"EAN13","4030600223406","562176 大衛杜夫醇萃香煙（醇白）20支",""
"EAN13","4030600235713","630600 威仕25-紅25支",""
"EAN13","4030600241462","656682 寶仕20-藍20支",""
"EAN13","4030600337202","478389大衛杜夫醇萃（醇纖5mg）20支",""
"EAN13","4030600338162","556636 大衛杜夫香煙（D調系列10毫克）",""
"EAN13","4030600338193","556868大衛杜夫香煙（D調系列7毫克）",""
"EAN13","4030600338223","556598 大衛杜夫香煙（D調系列5毫克）",""
"EAN13","4033100022654","399559七星酷黑20支",""
"EAN13","4033100022685","399542七星酷藍20支",""
"EAN13","4033100034237","399552 七星酷銀20支",""
"EAN13","4033100051623","399507 雲絲頓紫旋風20支",""
"EAN13","4033100068447","398265 樂迪25-紅25支",""
"EAN13","4033100068478","398263 樂迪25-藍25支",""
"EAN13","4033100076534","396065七星香菸24支",""
"EAN13","4033100076565","396007七星天藍香菸24支",""
"EAN13","4033100095283","395643 樂迪23 紫薄荷23支",""
"EAN13","4069400740110","402858威力格香草小雪茄",""
"EAN13","4711588010249","639389 馬爾斯沁黎雙晶球超細支菸",""
"EAN13","4711588170103","393925 新樂園10號香菸",""
"EAN13","4711588170202","398068 長壽黃硬盒菸",""
"EAN13","4711588170509","393873長壽白軟包菸",""
"EAN13","4711588170608","398120 尊爵白金G10",""
"EAN13","4711588170707","395749 馬爾斯M9",""
"EAN13","4711588170806","393872 尊爵G7",""
"EAN13","4711588170905","398289 尊爵G3",""
"EAN13","4711588171100","395082長壽白軟包7毫克菸",""
"EAN13","4711588171209","398128 尊爵白金G6",""
"EAN13","4711588171308","393868 尊爵G1",""
"EAN13","4711588171407","394886 尊爵白金Gl國際包",""
"EAN13","4711588171506","396561 尊爵白金纖細GS",""
"EAN13","4711588171704","393927 新樂園7號香菸",""
"EAN13","4711588171803","393881 新樂園5號香菸",""
"EAN13","4711588172008","398290 尊爵G2",""
"EAN13","4711588172107","393869 新樂園1號香菸",""
"EAN13","4711588172305","391477 馬爾斯長支5毫克菸",""
"EAN13","4711588172404","396553 馬爾斯長支2毫克菸",""
"EAN13","4711588172503","395753 尊爵G5",""
"EAN13","4711588172701","395085維斯塔5毫克",""
"EAN13","4711588172800","396547 馬爾斯綠星球菸",""
"EAN13","4711588173401","639386 馬爾斯M6",""
"EAN13","4711588178307","397974 LaRose玫瑰冰心涼菸",""
"EAN13","4711588180805","611229 金絲頓8毫克菸",""
"EAN13","4711588701901","660990 馬爾斯長支23M8",""
"EAN13","4711588702403","702408 馬爾斯水星球菸",""
"EAN13","4711928520865","660754 倫敦登喜路極光雙晶球",""
"EAN13","4711928521206","553369 皇家寶馬香菸7號-25支",""
"EAN13","4711928521220","610281 皇家寶馬香菸10號-25支",""
"EAN13","4711928521619","577526日本肯特SSSpark晶球涼菸5號",""
"EAN13","4711928522340","405433（小）日本肯特長支香菸6號",""
"EAN13","4711928522357","405617日本肯特SS1號",""
"EAN13","4711928523088","405437日本肯特SSSpark晶球涼菸1號",""
"EAN13","4711928523316","399432 鴻運雙晶球薄荷香菸-紫X綠",""
"EAN13","4711928523736","396232鴻運香菸-Lucky7號",""
"EAN13","4711928523965","408612倫敦登喜路SL白1毫克",""
"EAN13","4711928523989","406573 倫敦登喜路SL金4毫克",""
"EAN13","4711928524443","403081 五五五香菸10毫克",""
"EAN13","4711928524481","398333 風格纖細薄荷香菸",""
"EAN13","4711928524566","400431 倫敦登喜路隨選Switch香菸3號",""
"EAN13","4711928525402","985755 倫敦登喜路香菸3毫克",""
"EAN13","4711928525525","514999 倫敦登喜路濃縮香菸1毫克",""
"EAN13","4711928525556","515118 倫敦登喜路精裁藍隨選晶球",""
"EAN13","4711928525600","399056 倫敦登喜路精裁7毫克香菸",""
"EAN13","4711928525648","399027 倫敦登喜路精裁4毫克香菸",""
"EAN13","4711928525662","402123 倫敦登喜路精裁1毫克香菸",""
"EAN13","4711928526386","408610 倫敦登喜路SL藍7毫克",""
"EAN13","4711928526546","408609倫敦登喜路SL紅10毫克",""
"EAN13","4711928527093","985762 倫敦登喜路香菸10毫克",""
"EAN13","4711928527635","285757 倫敦登喜路香菸6毫克",""
"EAN13","4711928529875","399497 皇家寶馬薄荷晶球香菸5號",""
"EAN13","4713268580059","399493 樂迪25香白4毫克25支",""
"EAN13","4713268580356","411838 雲絲頓天香5毫克20支",""
"EAN13","4713268580950","406535 和平9毫克",""
"EAN13","4713268580974","406533 和平6毫克",""
"EAN13","4713268581230","599437 峰味萃晶球工藝香菸7毫克20支",""
"EAN13","4713268581292","545258 七星雙味晶球細長支5毫克20支",""
"EAN13","4713268581995","612879 佳士達晶球二二拍 22支",""
"EAN13","4713268582015","603138 佳士達3毫克20支",""
"EAN13","4713268582114","652109 樂迪25 香白1毫克25支",""
"EAN13","4713268582176","710645 雲絲頓天香3毫克20支",""
"EAN13","4713268582374","717081 黑七星4毫克20支",""
"EAN13","4713268582473","765368 佳士達晶球二二拍6毫克22支",""
"EAN13","4713268582497","750698 七星實驗室M5呱綠色晶球20支",""
"EAN13","4713268582589","823468樂迪25香白8毫克25支",""
"EAN13","4713268582633","808209 佳士達1毫克20支",""
"EAN13","4713268582657","832543 雲絲頓25-紅25支",""
"EAN13","4713268582671","832449 雲絲頓25-藍25支",""
"EAN13","4713268582695","841137 和平3毫克20支",""
"EAN13","4713268582718","880988 金峰 20支",""
"EAN13","4713268582794","343896 雲絲頓天香7毫克",""
"EAN13","4713268582817","896075 雲絲頓天香1毫克 20支",""
"EAN13","4713268582831","912698 七星風藍香菸24支",""
"EAN13","4713268582916","381049和平金長支7毫克20支",""
"EAN13","4713268582930","381047 和平銀長支4毫克20支",""
"EAN13","4713268582992","980130 雲絲頓呱旋風6毫克22支",""
"EAN13","4713268583098","365326 七星國際7毫克20支",""
"EAN13","4713268584118","315251 雲摩爾XS25紅",""
"EAN13","4713268584132","315907 雲摩爾XS 25藍",""
"EAN13","4713268584408","619398 黑七星冰薄荷5毫克",""
"EAN13","4713268584446","727577 駱駝奶白工藝香菸5毫克",""
"EAN13","4713268584460","727581 駱駝綠工藝晶球香菸5毫克",""
"EAN13","4902210200804","398029 七星天藍硬盒",""
"EAN13","4902210202402","399525 七星風藍硬盒",""
"EAN13","4902210222301","397321 七星LSS清藍3毫克",""
"EAN13","4902210222509","395407 七星特仕香煙",""
"EAN13","4902210222707","399649 七星特仕天藍",""
"EAN13","4902210223209","399539 峰黑20支",""
"EAN13","4902210231402","399601 七星冰晶長支1毫克20支",""
"EAN13","4902210247502","399588 佳士達7毫克",""
"EAN13","4902210332901","406587 黑七星10毫克20支",""
"EAN13","4902210333205","406647 黑七星7毫克20支",""
"EAN13","7460402100150","398985黑船長原味小雪茄",""
"EAN13","7610083215197","402768威力格7號雪茄",""
"EAN13","8710151606304","392396 黑惡魔香菸",""
"EAN13","8801116000227","681870叡頌YoGo香菸20支",""
"EAN13","8801116003907","398243寶亨Mojito香菸",""
"EAN13","8801116006199","398092愛喜藍晶靈香菸4毫克",""
"EAN13","8801116006441","398096 愛喜薄荷晶球香菸5毫克",""
"EAN13","8801116007981","410708 寶亨法藍絲晶球香菸",""
"EAN13","8801116008797","398095 寶亨3號香菸",""
"EAN13","8801116008858","398148寶亨9號mojito雙晶球香菸",""
"EAN13","8801116008872","398255寶亨1號香菸",""
"EAN13","8801116008896","398133愛喜香煙4毫克",""
"EAN13","8801116008919","398124 寶亨6號香菸",""
"EAN13","8801116008957","609536 小寶亨BlueLabel6號20支",""
"EAN13","8801116008971","398156 寶亨Mojito1號晶球香菸",""
"EAN13","8801116008995","398258（小）愛喜紫晶靈香菸1毫克",""
"EAN13","8801116017584","773175小寶亨BlueLabel 1號20支",""
"EAN13","8801116019205","943985寶亨大地紅20支",""
"EAN13","8801116031566","539298 寶亨黃SAWA香菸20支",""
"EAN13","8801116031580","398918 寶亨綠SAWA香菸",""
"EAN13","8801116048335","585439 寶亨紫SAWA香菸",""
"EAN13","8801116053667","648239寶亨金SAWA香菸",""
"EAN13","8801116057511","686829寶亨CLASICO棕7",""
"EAN13","8801116060870","716539（小）寶亨紳選-格藍",""
"EAN13","8801116061242","727439 寶亨午後5毫克",""
"EAN13","8801116063857","746139 愛喜雙紫1毫克",""
"EAN13","8801116064052","727531 伊歐尼紫色1號",""
"EAN8","01235637","399490 雲摩爾XS長支-藍20支",""
"EAN8","40329109","399636 雲摩爾XS香菸-藍20支",""
"EAN8","40329598","398034 雲絲頓香菸-銀",""
"EAN8","40329901","398259 雲摩爾XS香菸-紅20支",""
"EAN8","40331485","398222 雲摩爾XS1毫克20支",""
"EAN8","40331928","398038 雲絲頓1毫克",""
"EAN8","42137009","399487 雲摩爾XS長支-紅20支",""
"EAN8","45108167","398218 七星雙味晶球5毫克",""
"EAN8","45113642","395464七星雙味晶球",""
"EAN8","47117211","398180 維珍妮冰珠20支薄荷香菸",""
"EAN8","47117334","557170 大樂邁綠25支薄荷香菸",""
"EAN8","47117341","400608 大樂邁藍25支香菸",""
"EAN8","47117358","400628 大樂邁紅25支香菸",""
"EAN8","47117419","398121 萬寶路20支香菸",""
"EAN8","47117433","400612 萬寶路金20支香菸",""
"EAN8","47117488","398982 萬寶路金工藝CRAFTED20支香菸",""
"EAN8","47117501","399478 百樂門20支香菸",""
"EAN8","47117518","398102 百樂門湛藍20支香菸",""
"EAN8","47117778","590467 大樂邁銀25支香菸",""
"EAN8","47118317","703415 七星加熱菸棕銅20支",""
"EAN8","47118324","703417七星加熱菸安珀20支",""
"EAN8","47118331","703409七星加熱菸海藍20支",""
"EAN8","47118348","703422 七星加熱菸天青20支",""
"EAN8","47118355","703429 七星加熱菸炫晶20支",""
"EAN8","47118362","703490七星加熱菸極紫20支",""
"EAN8","47151215","186764 雙效香煙濾嘴",""
"EAN8","49400175","399515 峰香煙硬盒",""
"EAN8","49400311","399548 峰白金20支",""
"EAN8","49400403","395403七星軟包20支",""
"EAN8","49400762","399648七星天藍軟包",""
"EAN8","49401042","395439七星國際包",""
"EAN8","49401196","399653七星硬盒20支",""
"EAN8","49401226","395556 七星1毫克硬盒",""
"EAN8","49401523","399565 佳士達 5毫克",""
"EAN8","59076360","403369 純白大衛杜夫香煙",""
"EAN8","59076377","403368 至尊大衛杜夫香煙（金）",""
"EAN8","59076384","398851 金裝大衛杜夫香煙",""
"EAN8","59076391","402128大衛杜夫香煙黑",""
"EAN8","59076407","403348天藍大衛杜夫香煙",""
"EAN8","59076421","402489 纖秀大衛杜夫香煙",""
"UPCA","025900219680","688759鬥牛超細原味雪茄",""
"EAN13","4514062222813","575224 味覺糖e-ma葡萄風味珍珠喉糖",""
"EAN13","4514062257334","678657 味覺糖e-ma綜合水果風味喉糖","20260814_五六日_014"
"EAN13","4710088832450","726445 小時光麵館辛辣香菇風味（包）",""
"EAN13","4710209997518","608208 葡萄王超能7益菌（90入）",""
"EAN13","4710626195610","380739 愛之味麥仔茶PET590",""
"EAN13","4711126605197","970543 HM-香烤零食-蜜汁雞里肌100g",""
"EAN13","4714686008132","835120 偉嘉貓食濕糧海陸饗宴餐185g",""
"EAN13","4714686008149","835114 偉嘉貓食濕糧海洋鮮魚餐185g",""
"EAN13","4901777211742","382412 微醉雞尾酒-葡萄沙瓦",""
"EAN13","4962656191319","314075 沖繩Orion奧利恩零糖質啤酒","20260814_五六日_025"
"EAN13","6915878220938","752296 可樂娜啤酒330ML瓶",""
"EAN13","7610046000303","694639 瑞士Kagi黑巧克力風味威化餅乾",""
"EAN13","9334214024974","613412 Sheba鮮饌包鮪魚（魚凍）70g",""
"EAN13","9334214025025","613327 Sheba鮮饌包鮪魚及鯛魚（魚凍）70g",""
"EAN13","9414882439758","652438 紐西蘭ETA波浪洋芋片酸奶洋蔥",""
"EAN13","9414882439789","652456 紐西蘭ETA波浪厚切洋芋片-鹽味",""
"EAN13","9414882462411","721440 紐西蘭ETA波浪洋芋片酸黃瓜",""
"EAN8","40331911","398037 雲絲頓香菸-紅",""
"EAN8","24770699","477069 進貨用-媽祖庇佑隨取卡2026",""
"EAN8","24129282","412928（區）海之脆-小怪獸辣味烤海苔",""
"EAN13","8809784600152","513710 Torriden 5重分子釘護唇精華",""
"EAN13","4710007682302","477114（實）福源花生醬蛋捲單支",""
"EAN13","4710022055228","309912 萬歲牌蜜脆雙果隨手包",""
"EAN13","4710174125022","640849 KING堅果隨手包-蔓越莓夏豆",""
"EAN13","4710174125039","640847 KING堅果隨手包-櫻桃腰果",""
"EAN13","4712896070864","739005（實）聖保羅糖酥可頌捲-訂1來8",""
"EAN13","4712947660006","739524（實）愛荳屋-楓糖牛奶夏威夷豆塔",""
"EAN13","4712947682466","484660（實）青鳥旅行原味肉鬆蛋捲單支",""
"EAN13","4713575100155","412267 我的健康日記最近太操勞單日份",""
"EAN13","4713575100162","412214 我的健康日記最近火氣大單日份",""
"EAN13","4713575100186","387213 我的健康日記好像吃太油單日份",""
"EAN13","4713575142346","652551 我的健康日記燃切酵素2入",""
"EAN13","4713575133863","563087 利捷維B群C牛磺酸發泡錠（檸檬）",""
"EAN13","4713575133849","563057 利捷維有酵C+D3鋅發泡錠（柳橙）",""
"EAN13","8801128283847","712217 SEVENTEEN辣炒年糕（起司）",""
"EAN13","8801128283830","712216 SEVENTEEN辣炒年糕（辣味）",""
"EAN8","25374674","537467 塑膠補貨台車、小烏龜",""
"EAN13","4710015123125","365293 @星巴克咖啡捲心酥禮盒",""
"EAN13","4710174114750","468042 盛香珍每日堅果禮盒",""
"EAN13","4710304102022","698532 @喜年來馬年朝隈俊男公仔蛋捲禮盒",""
"EAN13","4710363189699","561562 魔術靈浴室清潔劑噴槍檸檬500ml",""
"EAN13","4710594928166","668553 維大力X史努比疊疊杯果茶禮盒",""
"EAN13","4560412012771","659544 NIJIYA黑糖珍珠撞奶雪派",""
"EAN13","4560412012948","807824 NIJIYA巧克力雪派",""
"EAN13","4560412014805","306399 日本NIJIYA聖代-海鹽焦糖堅果",""
"EAN13","4560412014812","306103 日本NIJIYA聖代-藍莓起司蛋糕",""
"EAN13","4560412014973","389881 日本NUJIYA海鹽太妃糖雪派",""
"EAN13","4710035350082","696898 威德in-纖維",""
"EAN13","4710035368056","316165 威德-in維他命",""
"EAN13","4710035368063","316152 威德-in能量",""
"EAN13","4710035368087","389732 威德-in膠原蛋白",""
"EAN13","4710035368100","413509 威德-in綜合礦物質",""
"EAN13","4710043018172","369093 桂格原味水解雞精",""
"UPCE","01232630","399546 七星冰晶長支6毫克20支",""
"I35","23099364","309936 鮪魚肉鬆雙手卷",""
"I35","24219549","421954 阿拉斯加秋鮭鮪魚雙手卷",""
"I35","24285629","428562 御選肉鬆飯糰",""
"I35","25825060","582506 炙烤鹽蔥燒肉飯糰",""
"I35","26005652","600565 雙蔬鮪魚飯糰",""
"I35","26733005","673300 新極上飯糰-煙燻銀鮭",""
"I35","27312018","731201  哇沙米秋鮭飯糰",""
"I35","27312346","731234 石安牧場溏心蛋飯糰（圓）",""
"I35","27357736","735773 新極上飯糰-鮭魚鮭魚卵",""
"I35","27357941","735794 日本豆皮壽司",""
"I35","27358146","735814  晶英-南蠻炸雞雙享壽司",""
"I35","27597040","759704 新極上飯糰-天使紅蝦",""
"I35","27597149","759714 新極上飯糰-蔥鹽生鮭",""
"I35","27598436","759843 新極上飯糰-熟成明太子鮭魚",""
"EAN13","3080216031811","321158可倫堡1664白啤酒500ml罐",""
"EAN13","4014086090370","378111德國9.0紫珀特級啤酒",""
"EAN13","4711160001818","763466 冰火葡萄伏特加",""
"EAN13","4711160001986","606368 冰火乳酸沙瓦口味",""
"EAN13","4711160002105","931757 冰火金黃香檳",""
"EAN13","4711370482933","746233世界紀行冬瓜茉莉沙瓦330ml",""
"EAN13","4711588002657","440855金牌ONE台灣啤酒500cc罐4入",""
"EAN13","4711588002664","303009金牌ONE台灣啤酒500cc罐",""
"EAN13","4711588010096","619846台啤微醺金桔梅子330ml罐裝",""
"EAN13","4711588010911","648234台啤特釀陽光西岸IPA啤酒",""
"EAN13","4711588010935","667721台啤特釀陽光西岸IPA啤酒4入",""
"EAN13","4711588011970","692150台啤微醺荔枝檸檬330ml罐",""
"EAN13","4711588014667","727970台啤極7%香菜琴調酒330ml",""
"EAN13","4711588210458","183059台灣啤酒500cc罐.",""
"EAN13","4711588312671","603541金牌FREE啤酒風味飲料",""
"EAN13","4711588313012","346802台啤特釀向陽500ml罐装",""
"EAN13","4711588314897","581889台啤特釀向陽500ml罐裝4人裝",""
"EAN13","4711588331023","930002金牌台灣啤酒500ml罐",""
"EAN13","4711588332020","898627金牌台灣啤酒500ml罐4入",""
"EAN13","4711934575149","668309Tiger虎牌冰釀啤酒485ml罐",""
"EAN13","4711934575156","871754虎牌冰釀啤酒485ml罐4入",""
"EAN13","4711934575187","323312Tiger虎牌冰釀啤酒330ml罐",""
"EAN13","4711934575521","385949Tiger虎牌啤酒485ml罐",""
"EAN13","4711934576054","354703海尼根啤酒330cc罐4入",""
"EAN13","4711934576108","996298海尼根Silver星銀啤酒330ml罐",""
"EAN13","4711934576115","386479海尼根Siver星銀啤330ml6入",""
"EAN13","4711934576139","828921海尼根Silver星銀啤酒500ml罐",""
"EAN13","4711934576146","854041海尼根Silver星銀啤酒500ml罐4入",""
"EAN13","4713012880749","561833臺虎精釀長島冰啤500ml","20260814_五六日_027"
"EAN13","4713012881685","589041臺虎精釀百香風暴啤酒",""
"EAN13","4713012882637","753240臺虎精釀桑心太平洋啤酒500ml",""
"EAN13","4713012882811","378031臺虎精釀長島冰啤ZERO",""
"EAN13","4713012883139","722876臺虎精釀美莓哆哆啤酒",""
"EAN13","4713012883474","746197臺虎嗨啤Light罐330",""
"EAN13","4715309542927","321422 百威啤酒330ml罐啤",""
"EAN13","4718000302975","379474SUNMAI金色三麥生啤酒",""
"EAN13","4718000303682","732929SUNMAI金色三麥檸檬百香雞尾酒",""
"EAN13","4718000303996","753229金色三麥蘋什麼指使蜜調酒",""
"EAN13","4901004006714","315436Asahi生啤酒350cc",""
"EAN13","4901004006813","318402 Asahi 生啤酒500ml",""
"EAN13","4901004039026","540207ASAHI Style Free零糖質500ml",""
"EAN13","4901004060440","377841Asahi Super Dry輕冽啤酒",""
"EAN13","4901411001975","668306麒麟淡麗GREEN LABEL啤酒350","20260814_五六日_022"
"EAN13","4901411001999","978469麒麟淡麗GREEN LABEL350cc6入",""
"EAN13","4901411002019","861680麒麟淡麗GREEN LABEL500cc",""
"EAN13","4901411002033","978465麒麟淡麗GREEN LABEL500cC4入",""
"EAN13","4901411034683","326873 KIRIN冰結調酒-華麗白葡萄350ml",""
"EAN13","4901411035642","659719麒麟一番搾350cc罐6入",""
"EAN13","4901411035666","269852麒麟一番搾500cc罐",""
"EAN13","4901411035680","659678麒麟一番搾500cc罐4入",""
"EAN13","4901411035703","245315麒麟一番搾350cc罐","20260814_五六日_021"
"EAN13","4901411066899","738821KIRIN冰結調酒 甘王草莓",""
"EAN13","4901411101484","354501KIRIN麒麟特製調酒-檸檬沙瓦",""
"EAN13","4901411101552","354267KIRIN麒麟特製調酒-葡萄沙瓦",""
"EAN13","4901411105185","400921麒麟一番搾零糖質啤酒",""
"EAN13","4901411105215","589045麒麟一番搾零糖質啤酒6入組",""
"EAN13","4901411118727","589071KIRIN冰結無糖檸檬7%6入組",""
"EAN13","4901411120249","732844KIRIN本麒麟啤酒-香之舞",""
"EAN13","4901411133195","746234KIRIN晴風啤酒500ml6入組",""
"EAN13","4901411140995","732932KIRIN特製調酒梨子沙瓦",""
"EAN13","4901411141046","732921KIRIN特製調酒橘子沙瓦",""
"EAN13","4901411146904","716617KIRIN冰結調酒-麝香葡萄",""
"EAN13","4901411147031","743592KIRIN冰結調酒無糖夏多內葡萄",""
"EAN13","4901411147468","738817KIRIN冰結調酒愛媛奇異果",""
"EAN13","4901411147642","758075KIRIN冰結調酒-佐藤錦櫻桃",""
"EAN13","4901411152448","758063KIRIN冰結STRONG白桃","20260814_五六日_023"
"EAN13","4901777153325","143992三得利Premium頂級啤酒500ml",""
"EAN13","4901777192607","663055-196°C強冽- 雙重檸檬can350",""
"EAN13","4901777196698","536097三得利微醉雞尾酒-白桃",""
"EAN13","4901777197114","660682-196°C強冽- 雙重葡萄柚can350",""
"EAN13","4901777251977","307970三得利微醉雞尾酒-白色沙瓦",""
"EAN13","4901777284791","501787三得利微醉雞尾酒-白葡萄",""
"EAN13","4901777331822","753232三得利頂級初釀日本愛爾啤酒",""
"EAN13","4901777344259","818416三得利微醉雞尾酒-乳酸沙瓦",""
"EAN13","4901777393370","738808三得利頂級啤酒迎春馬年罐",""
"EAN13","4901777409149","746212三得利微醉雞尾酒-白桃蜜柑",""
"EAN13","4901777409781","604068三得利-196無糖-沖繩檸檬",""
"EAN13","4901777425217","732934三得利微醉雞尾酒-麝香葡萄",""
"EAN13","4901777442085","732764三得利頂級奢華餘韻啤酒",""
"EAN13","4901777442450","722925三得利微醉雞尾酒•綜合果汁",""
"EAN13","4901777443150","732867三得利微醉雞尾酒-冬季莓果",""
"EAN13","4901777443174","732834三得利-196無糖-雙色葡萄",""
"EAN13","4901777443884","753234三得利-196無糖 鳳梨芒果",""
"EAN13","4901880851446","856231 SAPPORO生啤酒黑標500ML",""
"EAN13","4901880879891","662228 YEBISU惠比壽啤酒can500",""
"EAN13","4942568230214","732695日本NIJIYA和歌山蜜柑調酒",""
"EAN13","4962656075312","378077沖繩Orion奧利恩麥職人生啤酒","20260814_五六日_024"
"EAN13","4972050008526","589119 KIRIN冰結調酒白葡萄6入組",""
"EAN13","4972050151741","589070KIRIN冰結STRONG巨峰葡萄6入",""
"EAN13","4985011711106","687612日本NIJIYA櫪木少女草莓調酒",""
"EAN13","5010278103650","574203-196°C強冽- 雙重葡萄can500",""
"EAN13","5010278104916","354672三得利微醉雞尾酒-梅酒蘇打",""
"EAN13","5010278107634","722928三得利微醉雞尾酒•草莓蘇打",""
"EAN13","5011333925965","758087贈三得利微醉草莓萌夥伴",""
"EAN13","5011348023458","400968英國小妖精IPA啤酒",""
"EAN13","5740700992841","321056夏日蜜蘋果酒330ml罐",""
"EAN13","6921014042364","645902麒麟霸啤酒500cc罐",""
"EAN13","6921014044399","644555麒麟霸啤酒330cc罐6入",""
"EAN13","6921014044405","659679麒麟霸啤酒500cc罐4入",""
"EAN13","6935145315044","648232 RIO強爽白桃風味雞尾酒",""
"EAN13","6935145315068","648256 RIO強爽蘋果西打風味雞尾酒",""
"EAN13","6948960115263","802680百威啤酒超值限量罐500ml",""
"EAN13","6948960116482","834685百威金尊啤酒500ML罐",""
"EAN13","6948960126115","621457雪山晶鑽啤酒330ml罐",""
"EAN13","8712000010829","265353海尼根啤酒500cc罐",""
"EAN13","8712000018948","648161海尼根啤酒500cc罐4入",""
"EAN13","8712000033514","172152海尼根啤酒330ml罐",""
"EAN13","8712000055721","672004海尼根0.0零酒精330ml罐",""
"EAN13","8801858011024","428781韓國CASS客思啤酒",""
"EAN13","8801858042776","758050韓國CASS客思Light零糖質啤酒",""
"EAN13","8809363882764","732848韓國濟州青橘Highball調酒",""
"EAN13","8809363882795","758053韓國Jumoa青檸Highball調酒",""
"EAN13","8809613593228","658870韓真果實Peace檸檬Highball•紅",""
"EAN13","8809613593396","732918韓雙果實檸檬柑橘Highball調酒",""
"EAN13","8809624621019","707076韓國果實蘇維翁白葡萄酒調酒",""
"EAN13","8809624621170","758055韓國果實百香果Highbal調酒",""
"EAN13","8809706852317","727957韓國白蘇維濃檸檬Highball調酒",""
"EAN13","8850999113005","669050勝獅啤酒CAN330ml",""
"EAN13","8936036202571","120472百威啤酒330CC瓶啤",""
"EAN13","9556057544017","753246夏日蜜蘋果酒-莓果",""
"EAN13","9556057699014","394562可倫堡1664桃紅啤酒",""
"I35","23547773","354777 林聰明雞肉飯飯糰",""
"I35","27568767","756876 盲盒海苔魚卵龍蝦風味沙拉",""
"EAN8","25297904","529790焙火烏龍奶茶包",""
"EAN13","5010278109270","758085三得利微醉隨身搖曳杯組",""
"EAN13","3415581139198","471961 哈根達斯夏威夷果仁迷你杯",""
"EAN13","3415581317190","349824 哈根達斯焦糖奶油脆餅迷你杯",""
"EAN13","3415581370195","325528 哈根達斯藍莓迷你杯",""
"EAN13","3415583265192","321341 哈根達斯芒果迷你杯",""
"EAN13","3415584126195","302565 哈根達斯抹茶迷你杯",""
"EAN13","3415584310198","697542 哈根達斯抹茶巧酥冰淇淋迷你杯",""
"EAN13","3415584311195","697564 哈根達斯可可巧酥冰淇淋迷你杯",""
"EAN13","3415587393198","554530 哈根達斯開心果冰淇淋",""
"EAN13","3415587403194","352601 哈根達斯香草焦糖脆杏仁雪糕",""
"EAN13","3415587405198","352396 哈根達斯草莓雪糕",""
"EAN13","3415587406195","432226 哈根達斯抹茶脆果仁雪糕",""
"EAN13","3415587409196","432281 哈根達斯淇淋巧酥雪糕",""
"EAN13","3415587421198","611910 哈根達斯夏威夷脆果仁雪糕",""
"EAN13","4976994151027","722818 哈根達斯豐潤草莓雪酥",""
"EAN13","4976994151096","726624 哈根達斯焦糖蘋果雪酥",""
"EAN13","4976994151102","683682 哈根達斯香柚白巧雪酥",""
"EAN13","4976994207076","704395 哈根達斯日本天使誘惑白巧冰淇淋",""
"EAN13","4976994207083","658710 哈根達斯日本咖啡巧酥聖代冰淇淋",""
"EAN13","4976994207090","704439 哈根達斯日本惡慶低語可可冰淇淋",""
"EAN13","4976994207106","716257 哈根達斯日本栗子香緹冰淇淋",""
"EAN13","4976994207137","722780 哈根達斯日本杏仁脆脆焦糖冰淇淋",""
"EAN13","4976994207151","756553 哈根達斯日本蜂蜜鹹奶油冰淇淋",""
"EAN13","4976994207168","756547 哈根達斯日本黑可可草莓冰淇淋",""
"UPCA","074570014002","188261 哈根達斯巧克力品脫",""
"UPCA","074570022038","287173 哈根達斯草莓迷你杯",""
"UPCA","074570024001","188258 哈根達斯草莓品脫",""
"UPCA","074570052035","570273 哈根達斯淇淋巧酥迷你杯",""
"EAN13","4710035350112","383979 森永in果凍（提神）",""
"EAN13","4710035350303","652560 森永in果凍（益生菌）",""
"EAN13","4710035350365","739188 森永in果凍（電解質）",""
"EAN13","4710035350372","739180 森永in果凍（BCAA）",""
"EAN13","4710054175185","684359 蘇菲清新涼感薄荷日用23cm 9片",""
"EAN13","4710054175215","344258 蘇菲清新涼感微涼衛生棉25cm 8片",""
"EAN13","4710143960616","413415 百吉巧克脆皮大雪糕",""
"EAN13","4710174126142","721345 盛香珍捲心酥-OPEN！巧克力",""
"EAN13","4710174126159","721291 盛香珍捲心酥-OPEN！草莓",""
"EAN13","4710209997501","596655 葡萄王超能7益菌（10入）",""
"EAN13","4710777991000","574828 白蘭氏養蔘飲（順口回甘）60ml",""
"EAN13","4713145010600","614145 栗庵烤紅春香地瓜",""
"EAN13","4713469767273","594489 順天本草調理飲-好眠飲200ml",""
"EAN13","4713469767310","409055 順天本草調理飲-孅動飲200ml",""
"EAN13","4716426030410","318498 寶礦力水得（低卡）PET580",""
"EAN8","25940800","594080 新UNIDESIGN新柔感抽衛兩串",""
"I35","27480458","748045 小玉西瓜切片",""
"EAN8","90474705","661726 紅牛白桃風味能量飲料 CAN250",""
"EAN8","90493096","733199紅牛零卡能量飲料 CAN250",""
"EAN13","3057640100673","542753富維克礦泉水 PET500",""
"EAN13","3068320080000","436811法國EVIAN 依雲天然礦泉水 1000",""
"EAN13","4514603461114","736341三矢特濃柳橙蘇打 PET500",""
"EAN13","4710008111122","725974味王味精100g",""
"EAN13","4710008241140","568796味王咖哩雞肉調理袋",""
"EAN13","4710008241218","568637 味王紅燒牛腩調理袋",""
"EAN13","4710008251156","423803味王紫菜湯5入",""
"EAN13","4710014202029","728331高慶泉甘樹子（破布子）",""
"EAN13","4710018028601","324878雪碧汽水 PET600",""
"EAN13","4710018028809","286813可口可樂 PET600",""
"EAN13","4710018101502","930400可口可樂 ZERO-PET600.",""
"EAN13","4710018115103","034278美粒果柳橙汁 PET450",""
"EAN13","4710018148408","658776可口可樂 PET920",""
"EAN13","4710018152702","533829原萃日式綠茶 PET580",""
"EAN13","4710018162404","355299原萃烏龍茶 PET580",""
"EAN13","4710018175107","383007 原萃錫蘭無糖紅茶 PET580",""
"EAN13","4710018183805","415595原萃綠茶-玉露 PET580",""
"EAN13","4710018192500","659948原萃冷萃日式深蒸綠茶 PET450",""
"EAN13","4710018192609","659920 原萃冷萃金萱烏龍 PET450",""
"EAN13","4710018193200","793509喬亞滴濾無糖黑咖啡 PET350",""
"EAN13","4710018193408","793500喬亞滴濾拿鐵咖啡 PET350",""
"EAN13","4710018300400","556887喬亞焦糖風味雲朵拿鐵 PET350",""
"EAN13","4710018301308","556871可口可樂草莓口味 PET600",""
"EAN13","4710018323300","549610原萃冷萃蜜香紅茶 PET450",""
"EAN13","4710018327407","328860原萃冷萃春笠青茶 PET450",""
"EAN13","4710018348501","758077原萃白毫夏烏龍 PET580",""
"EAN13","4710043022032","000259 得意的一天5珍寶健康油600mI",""
"EAN13","4710043551129","184089得意的一天葵花油1L",""
"EAN13","4710046011156","102203 大安白醋（小）300cc",""
"EAN13","4710046021155","102371 大安烏醋（小）300cc",""
"EAN13","4710057160010","307587 新東陽精緻豬肉鬆180g",""
"EAN13","4710057160362","437996新東陽鮭魚鬆",""
"EAN13","4710057223593","437656新東陽辣味牛肉醬",""
"EAN13","4710057500113","649066 新東陽辣味肉醬",""
"EAN13","4710059000222","326354 小磨坊凍頂黑胡椒粉",""
"EAN13","4710059000239","326350 小磨坊冷研白胡椒粉",""
"EAN13","4710059000246","323688 小磨坊萬用胡椒鹽",""
"EAN13","4710068971179","872795 開喜凍頂烏龍茶有糖PET575",""
"EAN13","4710068972176","329106 開喜凍頂烏龍茶無糖PET575",""
"EAN13","4710085248773","688419Pure Brew 醇香拿鐵 350",""
"EAN13","4710088414649","377520 好勁道家常麵條",""
"EAN13","4710088414663","558123 好勁道天禧麵線300g",""
"EAN13","4710088414670","385204 好勁道月見雞蛋風味麵",""
"EAN13","4710088414687","527744好勁道千羽拉麵袋320g",""
"EAN13","4710088423337","383516麥香阿薩姆奶茶 600",""
"EAN13","4710088424754","537658水事紀礦泉水 PET1500",""
"EAN13","4710088427946","738577麥香奶茶 CAN340",""
"EAN13","4710088455598","395779PowerMate 可可麥芽牛奶 250",""
"EAN13","4710088465146","548821四季釀造油膏300ml",""
"EAN13","4710088470331","832588曼仕德重烘焙咖啡 235","20260730_多入_013"
"EAN13","4710088470744","329747濃韻烏龍茶 PET975",""
"EAN13","4710088470768","392880麥香阿薩姆紅茶 PET975",""
"EAN13","4710088471376","304929 原味本舖麥仔茶 TP375",""
"EAN13","4710088471703","377681水事紀礦泉水 PET600",""
"EAN13","4710088471819","549391美研社玫瑰花果茶 PET400",""
"EAN13","4710088471895","480592原味本舖八寶粥 CAN255",""
"EAN13","4710088472052","603886果漾蘋果風味蘇打飲 560",""
"EAN13","4710088472342","713948統一H20 純水 2200",""
"EAN13","4710088472908","527977 UNI SPARKLING原味氣泡水",""
"EAN13","4710088472915","527968 UNI SPARKLING檸檬氣泡水",""
"EAN13","4710088472939","574850麥香檸檬紅茶 PET600",""
"EAN13","4710088472946","568551茶裏王四季春茶 PET600",""
"EAN13","4710088473226","453933 UNI FIT 運動飲料 PET600","20260814_五六日_005"
"EAN13","4710088473233","496602X-POWER 能量飲料CAN230",""
"EAN13","4710088473394","630511 原味本舖無糖麥茶 PET600",""
"EAN13","4710088473400","691918PH9.0 鹼性離子水 1450",""
"EAN13","4710088620101","361877 統一沙拉油760ml",""
"EAN13","4710088630148","443346咖啡廣場調合式冰咖啡 600",""
"EAN13","4710088631022","324674統一蕃茄汁 can340",""
"EAN13","4710088636393","730121咖啡廣場奶香特調咖啡 600",""
"EAN13","4710088636850","871396統一UNI water 純水 550",""
"EAN13","4710088637574","839091PH9.0 鹼性離子水 PET800",""
"EAN13","4710088639196","930484濃韻日式綠茶 PET600",""
"EAN13","4710088639202","930471濃韻烏龍茶 PET600",""
"EAN13","4710088641311","373171 原味本舖冬瓜茶 PET600",""
"EAN13","4710088641328","381109原味本舖青草茶 PET600",""
"EAN13","4710088832405","546912 來一客杯湯紫菜蛋花湯7.6g（單杯）",""
"EAN13","4710088832412","521712 來一客杯湯香菇雞湯",""
"EAN13","4710088886583","361450 iseLect 檸檬紅茶 PET550ml",""
"EAN13","4710088886590","361310 iselect 巧克力奶茶 PET550ml",""
"EAN13","4710088886637","361372 iseLect 紅茶 PET550ml",""
"EAN13","4710088886644","361370 iseLect 經典奶茶 PET550ml",""
"EAN13","4710090023037","569280UCC 艾洛瑪黑咖啡 PET500",""
"EAN13","4710090023044","569306 UCC 艾洛馬拿鐵PET500",""
"EAN13","4710090023129","862591 UCC 職人冰咖啡（無糖）PET910",""
"EAN13","4710095313706","310308 泰山玄米油600ml",""
"EAN13","4710095350329","353838 泰山純芥花油1L",""
"EAN13","4710095351098","367550 泰山健康好理由純芥花油380ml",""
"EAN13","4710095700209","576768泰山強氣泡水 PET500",""
"EAN13","4710095913708","386045Cheers 氣泡水 PET500",""
"EAN13","4710095951502","450278泰山冰鎮檸檬紅茶 PET535",""
"EAN13","4710105037738","635120光泉茉莉蜜茶 TP330",""
"EAN13","4710105052366","582618 茉莉茶園-富蘋熟成紅 PET500",""
"EAN13","4710105057750","732977 冷泡茶-朝露青茶 PET585",""
"EAN13","4710105062723","556878冷泡茶-無糖冰釀烏龍 PET585",""
"EAN13","4710110234740","590885 多喝水鹼性竹嵗水 PET2000",""
"EAN13","4710110806787","641606 百事可樂無糖生可樂 PET500",""
"EAN13","4710110807005","739053SUAN 極上梅酒風味氣泡",""
"EAN13","4710126396647","667468 義美100%純芝麻香油110ml",""
"EAN13","4710134023269","532317可果美蕃茄醬300g",""
"EAN13","4710154012021","354828黑松C&C氣泡飲葡萄PET500",""
"EAN13","4710154012038","354811黑松C&C氣泡飲檸檬PET500",""
"EAN13","4710154012144","284293黑松沙士 PET600",""
"EAN13","4710154012168","538885黑松加鹽沙士 PET600",""
"EAN13","4710154012861","471495黑松 FIN補給飲料 PET580",""
"EAN13","4710154013585","142823黑松茶花綠茶 PET580",""
"EAN13","4710154014001","590846黑松 FIN 好菌補給飲 PET580",""
"EAN13","4710154015022","306887黑松 FIN 補給飲料 PET975",""
"EAN13","4710154015121","582555黑松茶花焙香麥茶 PET580",""
"EAN13","4710171007284","597836台灣農林桂香四季青茶無糖 700",""
"EAN13","4710171007468","620346 成都楊桃冰-楊桃汁 PET495",""
"EAN13","4710171007482","619110 鼎王烏梅汁 PET495",""
"EAN13","4710171007505","619168 博仁堂仙楂洛梅飲 PET495",""
"EAN13","4710171021006","377834 波蜜果菜汁 TP330",""
"EAN13","4710172020015","103961 同榮茄汁鯖魚黃罐",""
"EAN13","4710172020077","124191 同榮茄汁鯖魚紅罐",""
"EAN13","4710172030069","127819 同榮特選燒鰻",""
"EAN13","4710172030168","726988同榮辣味燒鰻",""
"EAN13","4710175565131","539802五木肉燥味拉麵",""
"EAN13","4710175565551","539761 五木海鮮味拉麵",""
"EAN13","4710199072097","096760 維力炸醬罐175g",""
"EAN13","4710209705113","101095康貝特飲料 160",""
"EAN13","4710209997464","609571葡萄王康普茶微酵果香 PET450",""
"EAN13","4710209997488","609572葡萄王康普茶經典茶香 PET450",""
"EAN13","4710254020339","250724康寶雞湯塊6入（新）",""
"EAN13","4710254020346","250737康寶排骨湯塊6入（新）",""
"EAN13","4710254021671","321852 康寶濃湯-火腿玉米 49.7G",""
"EAN13","4710254021688","320989康寶濃湯-雞蓉玉米 54.1G",""
"EAN13","4710254021695","321860康寶濃湯-港式酸辣 46.6G",""
"EAN13","4710254021947","321858 康資鮮味炒手原味240G",""
"EAN13","4710254023286","430775康寶奶油風味獨享杯玉米",""
"EAN13","4710254023293","437278康寶奶油風味獨享杯蘑菇",""
"EAN13","4710320224265","103783 廣達香肉醬罐",""
"EAN13","4710421060120","730105每朝健康綠茶 PET650",""
"EAN13","4710421071263","529577 御茶園特上紅茶 PET550",""
"EAN13","4710421071577","348798 御茶園特撰日式綠茶 PET590",""
"EAN13","4710421071607","348801御茶園特撰冰釀綠茶 PET590",""
"EAN13","4710421071683","356090每朝健康-雙纖綠茶 PET650",""
"EAN13","4710421071713","361985 舒跑鹼性離子水 PET850",""
"EAN13","4710421072055","348531 御茶園特上檸檬茶 PET550",""
"EAN13","4710421072420","384713御茶園台灣四季春 PET590",""
"EAN13","4710421072970","475530御茶園台灣四季春 PET1250",""
"EAN13","4710421073731","663688御茶園台灣金萱 PET590",""
"EAN13","4710421073908","684301維他露 P+氣泡飲料 PET510",""
"EAN13","4710421074080","802553御茶園冷山茶王 PET500",""
"EAN13","4710421074172","855377 每朝健康無糖紅茶 PET650",""
"EAN13","4710421074936","357960 ROASTA 冷研無糖黑咖啡 455",""
"EAN13","4710421075926","583414御茶園麥萃無糖麥茶 PET590",""
"EAN13","4710421076039","661670 御茶園麥萃無糖麥茶 PET975",""
"EAN13","4710421076190","366055 御茶園冰釀麥萃低熱量 PET590",""
"EAN13","4710421076244","620396每朝 EX 黑咖啡 CAN188",""
"EAN13","4710421076558","640788御茶園和綠茶抹茶入 PET590",""
"EAN13","4710421090059","295213舒跑運動飲料 PET590",""
"EAN13","4710570000336","688546 好媽媽油漬鮪魚-無添加版",""
"EAN13","4710570002507","639490 好媽媽特製燒鰻-無添加版",""
"EAN13","4710570004907","334369好媽媽三明治鮪魚罐頭",""
"EAN13","4710570011004","688543 好媽媽水煮鮪魚-無添加版",""
"EAN13","4710570110035","784434好媽媽辣妹鮪魚",""
"EAN13","4710626110613","102287愛之味蔭瓜",""
"EAN13","4710626111214","102193 愛之味菜心",""
"EAN13","4710626111313","103123 愛之味珍保玉筍120g",""
"EAN13","4710626111412","103110 愛之味土豆麵筋",""
"EAN13","4710626202318","562052沖繩久米島微礦水 850",""
"EAN13","4710626210917","102533 愛之味甜辣醬165g",""
"EAN13","4710626255314","394668愛之味分解茶雙纖麥茶 PET590","20260814_五六日_006"
"EAN13","4710626257219","641656愛之味油切分解茶四季春 PET590",""
"EAN13","4710626622819","191461 愛之味鮪魚片",""
"EAN13","4710626844310","274494 愛之味韓式泡菜",""
"EAN13","4710632015773","526478悅氏鎂日補給水鎂 30PET880",""
"EAN13","4710685443806","148230 統一龜甲萬醬油500ml",""
"EAN13","4710699710239","567823 佳合柴魚青蔥豆腐味噌湯",""
"EAN13","4710734006983","485556 龍口粉絲3入（快煮型）",""
"EAN13","4711001120012","350371 萬家香純佳釀淡口醬油",""
"EAN13","4711001220026","671134 萬家香味噌辣醬",""
"EAN13","4711001220071","649060 萬家香萬用辣椒醬",""
"EAN13","4711001302036","530570萬家香香菇素蠔油",""
"EAN13","4711045231699","489126 御膳米風味特選壽司米2KG",""
"EAN13","4711172007778","610620 江記-經典豆腐乳",""
"EAN13","4711258001256","102164牛頭牌沙茶醬4.5oz",""
"EAN13","4711258002505","463290牛頭牌沙茶醬250g",""
"EAN13","4711258520177","671638牛頭牌紅蔥醬-175g",""
"EAN13","4711271017814","327450台鹽特級精鹽（1公斤）",""
"EAN13","4711271021330","430530 健康含碘海鹽",""
"EAN13","4711438370585","515157 海鮮巧達濃湯",""
"EAN13","4711438370592","517756 火腿雞蓉玉米濃湯（杯）",""
"EAN13","4711438370769","597855 泰式酸辣春雨",""
"EAN13","4711438370790","597860日式野菜雞湯春雨",""
"EAN13","4711438371506","518996 海帶芽蜆湯（杯）",""
"EAN13","4711448480014","746088 伊藤園Oi Ocha 綠茶530ml",""
"EAN13","4711448480076","351045 伊藤園 TEAS'TEA 蘋果紅茶535",""
"EAN13","4711462000014","757585紅人A1牛排醬",""
"EAN13","4711588013189","736033 紅標料理米酒0.6L (PET)",""
"EAN13","4711588835248","307189 公賣局紅標料理米酒0.6L",""
"EAN13","4711588855260","322707 紅標純米料理米酒",""
"EAN13","4713233637313","568799天然米食台灣之光194 1.5kg",""
"EAN13","4713653606883","430920冠億中筋麵粉",""
"EAN13","4713653606890","430919冠億太白粉",""
"EAN13","4713653606906","431337 冠億二號砂糖",""
"EAN13","4713653606920","431333冠億冰糖",""
"EAN13","4713653606944","431230冠億綠豆",""
"EAN13","4714340780091","360802 源牧鮮蛋（10入裝）",""
"EAN13","4714947000134","440039可爾必思水語乳酸菌飲料 PET500",""
"EAN13","4714947012816","728278可爾必思蔬果乳酸菌飲料 PET500",""
"EAN13","4714947013011","716032可爾必思草莓乳酸菌飲料 PET500",""
"EAN13","4714947199012","640818十六茶零咖啡因複方茶 PET530",""
"EAN13","4716112760706","659554 皇家穀堡台東履歷米",""
"EAN13","4718426810023","781321寧記辣椒大王",""
"EAN13","4719861250665","356262老虎牙子 light 有氧飲料 PET590",""
"EAN13","4719861851022","462871 松花皮蛋",""
"EAN13","4719861852012","510156 金牌功夫熟鹹蛋",""
"EAN13","4897036691502","396048 魔爪能量碳酸飲料 can355",""
"EAN13","4897036692134","504029 魔爪超越能量碳酸飲料 can355",""
"EAN13","4897036692363","365865 魔爪芒果狂歡能量飲料 355ml",""
"EAN13","4897036693278","847667 魔爪管浪潘趣碳酸能量飲料355",""
"EAN13","4897036694145","526520 魔爪超越仙境碳酸能量飲料 355",""
"EAN13","4897036694671","336866 魔爪超越蜜桃閃耀能量飲料 355",""
"EAN13","4897036695265","596088 魔爪澳式檸檬碳酸能量飲料 355",""
"EAN13","4901001355969","726580 烹大師鰹魚風味",""
"EAN13","4901002066550","943558 S&B山葵醬",""
"EAN13","4901201110788","336286UCC BLACK 無糖黑咖啡 Can275",""
"EAN13","4901201158094","727557UCC 烤地瓜風味拿鐵 450",""
"EAN13","4901411034409","361168KIRIN午後紅茶-奶茶 PET500",""
"EAN13","4902402376614","702975 好侍佛蒙特咖哩（甜）230g",""
"EAN13","4902402376744","702985好侍佛蒙特咖哩（中辣）230g",""
"EAN13","4904910105236","374101DyDo 日式黑咖啡 PET350",""
"EAN13","4909411091903","723622 KIRIN 生茶 PET525",""
"EAN13","4909411093280","523940KIRIN 午後紅茶-皇家奶茶 PET500",""
"EAN13","6921804700269","212753 老干媽香辣脆油辣椒",""
"EAN13","8007150905584","688991 奥利塔純橄欖油250ml",""
"EAN13","8809577113326","716328 韓國海苔酥原味10g",""
"EAN13","8809577113333","716317 韓國海苔酥蔬菜口味10g",""
"EAN13","8809577113340","716326 韓國海苔酥蝦子鯷魚口味10g",""
"EAN13","8850367994168","580140鮮剖 100%純椰子汁 PET500",""
"EAN13","8852090103503","839347鮮剖 100%純椰汁 CAN350",""
"EAN13","8887333050382","703043 台爾蒙香甜全粒玉米190g",""
"EAN13","8936010683419","720471 越友牛肉風味河粉",""
"EAN13","8936010683426","720393 越友冬蔭功風味河粉",""
"EAN13","9300644705806","358207金寶新英倫蛤蜊濃湯",""
"EAN13","9300644705882","358312史雲生清雞湯",""
"EAN13","9417574000755","874662FIJI 斐濟天然礦泉水 PET500",""
"UPCA","011210000018","321042 TABASCO紅椒汁60ml",""
"UPCA","020000101279","530541綠巨人玉米醬",""
"UPCA","020000101286","103482 綠巨人玉米粒",""
"UPCA","052100030265","609277 味好美調味品自磨式黑胡椒",""
"UPCA","052100036670","609202 味好美自磨式喜馬拉雅玫瑰鹽",""
"UPCA","074261030700","662734萬家香大吟釀薄鹽醬油",""
"UPCA","074261040327","334432萬家香大吟釀醬油",""
"UPCA","074261041218","701391 萬家香無油水餃沾醬",""
"UPCA","072890001191","575836 海尼根時尚罐710ml",""
"EAN13","4710046363729","343802 工研益壽多中辣速食咖哩",""
"EAN13","4710126212268","703021 義美純肉鬆隨享包（原味）15g",""
"EAN13","4711588341053","540900 金牌啤酒330cc罐",""
"EAN13","8800283990010","671754 IGIN蘋果西瓜風味調酒",""
"EAN13","8800283990027","671792 IGIN蘋果李子風味調酒",""
"EAN13","8800283990126","671774 IGIN蘋果青葡萄風味調酒",""
"EAN13","3415583003190","756567 哈根達斯開心果冰淇淋品脫",""
"UPCA","074570334186","592075 哈根達斯香草冰淇淋品脱",""
"UPCA","074570334216","592112 哈根達斯淇淋巧酥冰淇淋品脱",""
"UPCA","074570548095","592072 哈根達斯夏威夷果仁品脫",""
"UPCA","074570703555","592102 哈根達斯抹茶冰淇淋品脱",""
"EAN8","23280472","328047 大亨堡專用L型紙袋",""
"EAN13","3228020490336","332004 總統牌三明治切片乾酪",""
"EAN13","4710088442765","844918滿漢小香腸（蒜味）",""
"EAN13","4710088445308","845511博客Q肉丁德國香腸香蒜",""
"EAN13","4710088445438","443236博客Q肉丁德國香腸",""
"EAN13","4710088471741","420348 BODYTALK高纖低脂牛乳330ml",""
"EAN13","4710228034720","686512（W宅）【惟果心】芭樂綜合果汁1罐",""
"EAN13","4710583110046","305486 中華非基因改造黃豆超嫩豆腐",""
"EAN13","4710626094814","931896（選）愛之味寒天檸檬口味",""
"EAN13","4710626159018","035635 愛之味純濃燕麥（原味）290ml",""
"EAN13","4710626195412","382360 愛之味牛奶燕麥290ml",""
"EAN13","4710626250913","532603 愛之味蜂蜜燕麥PET290",""
"EAN13","4710626256717","619411 愛之味高鈣豆漿燕麥PET290ml",""
"EAN13","4710947172086","995874 石安牧場日式茶碗蒸",""
"EAN13","4712291024233","343874水果玉米棒",""
"EAN13","4714108911538","697550（W宅）初鹿麥胚芽厚乳200ml（瓶）",""
"EAN13","4901005656277","703446 杏仁果效果無糖杏仁果飲",""
"EAN13","8801104940481","744202 韓國賓格瑞草莓風味保久乳飲品",""
"EAN13","8850025001023","365637 UFC椰子水500ml",""
"EAN13","8997240600423","550092 OATSIDE燕麥植物奶200ml",""
"EAN13","8997240600430","550069 OATSIDE可可燕麥植物奶200ml",""
"EAN13","9066085413150","655915 快樂牛乾酪切片",""
"EAN8","23614277","361427 千島醬",""
"EAN8","24790840","479084 和風胡麻醬",""
"EAN8","24795463","479546 蔬果和風醬",""
"EAN8","27277225","727722Simple Fit黃金玉米棒",""
"EAN8","47100312","134194 桂冠沙拉",""
"UPCA","852320000495","553373 宗家府泡菜-濃厚風味",""
"EAN13","4713575100179","387212 我的健康日記體內欠環保單日份",""
"EAN8","27059944","705994 團銷宅亞尼克原味生乳捲1條",""
"I24","25789140","578914 晨光生土司",""
"EAN8","26922881","692881酷聖石茶歐蕾QQ冰銅燒",""
"EAN13","4902555988160","444870 不二家超濃milky冰淇淋",""
"EAN13","4713145011287","697829 @SF吉伊卡哇梅子海苔水桶包",""
"EAN13","8000500009673","783695 金莎金鑽禮盒24入裝",""
"EAN13","4711112821747","698570 Pocky百奇球來運轉餅乾禮盒",""
"EAN13","4712899264635","697837 @超人力霸王戳戳樂禮盒",""
"EAN13","4975186221050","723204 紅帽子禮盒（雅緻粉）",""
"EAN13","8000500005026","389130 金莎心型禮盒",""
"EAN13","8000500454442","697372 義大利 ROCHER六粒裝禮盒",""
"UPCA","031146150205","982260 農心爽口海鮮烏龍麵（包）",""
"UPCA","031146150304","352242  農心香辣海鮮味烏龍麵（包）",""
"EAN13","4516825005626","552858  日本友和衣物去漬濕巾",""
"EAN13","4562355175421","552876  日本iSDG小白鞋清潔濕紙巾",""
"EAN13","4710054144808","446103  蘇菲彈力貼身超熟睡35cm-8片",""
"EAN13","4710088887511","699219  UNIDESIGN 經典原味洋芋片",""
"EAN13","4710088887535","699220  UNIDESIGN 唐辛子風味洋芋片",""
"EAN13","4710098900842","619470  77黑巧杏仁乳加",""
"EAN13","4710098905342","560851 新貴派濃厚花生牛奶威化棒",""
"EAN13","4710122010240","757876  小美冰淇淋Plus-香草玫瑰鹽焦糖",""
"EAN13","4710174123745","538547  盛香珍Mini蘇打-海苔鹽",""
"EAN13","4710174124568","538082  盛香珍Mini蘇打-青蔥",""
"EAN13","4710250200650","631945  杜老爺淇淋巧酥甜筒冰淇淋",""
"EAN13","4710250202814","592027  杜老爺甜筒- 太妃糖起司冰淇淋",""
"EAN13","4710421059049","954590（實）舒跑鋁箔裝250ml（箱）",""
"EAN13","4710469915918","738598（實）加油棒造型爆米花-單支",""
"EAN13","4710587185156","942441（實）紅牌速纖飲料250ml*24入",""
"EAN13","4711563880997","746668（W宅）拉拉小纖女莓好順暢凍1袋",""
"EAN13","4713575090562","353494  美麗日記黑珍珠煥白8入",""
"EAN13","4713575090586","353529  美麗日記沙地蘆薈舒緩8入",""
"EAN13","4713575090654","354857  美麗日記玻尿酸保濕8入",""
"EAN13","4719452000020","760559（W宅）德裕 魚酥-辣味",""
"EAN13","4719452008996","760589（W宅）德裕 魚酥150g-原味",""
"EAN13","4901277255031","637708 英國Myprotein蛋白飲-奶茶風味",""
"EAN13","4901411104935","409982  KIRIN冰結調酒-無糖檸檬7% 500ml",""
"EAN13","4902750434714","346732  味覺糖OPEN將葡萄汽水味條糖",""
"EAN13","4970020120117","343785  日本OHAYO焦糖烤布蕾冰淇淋",""
"EAN13","4995257333208","579842  Snaclub沖繩無籽梅乾",""
"EAN13","8801043068826","610752  農心辛拉麵香辣雞肉風味（包）",""
"EAN13","8801043070362","610645  農心辛拉麵泰式酸辣味（包）",""
"EAN13","8803348039938","388015  韓國Frudia鮮果水潤防曬霜",""
"EAN13","8803348040897","388033  韓國Frudia青葡萄控油防曬乳",""
"EAN13","8809534257421","627378  韓國AS:US4合1洗護旅行組",""
"EAN13","8859003201417","620151  明果黃金榴槤冰淇淋",""
"EAN13","8859003201592","665607  明果泰式奶茶冰淇淋",""
"EAN13","8859003201608","620152 （海）明果香草風味冰淇淋",""
"EAN13","8859003201677","620150 （海）明果雙重巧克力冰淇淋",""
"EAN13","8859003207914","686041  明果南洋香芋冰淇淋",""
"EAN13","8935084104141","513000  越南HISandHERS蒜香胡椒腰果",""
"EAN13","9349254002011","328938  澳洲Goat原味羊奶皂",""
"EAN13","9349254002042","328845  澳洲Goat麥羅卡蜂蜜羊奶皂",""
"EAN8","03424001","478700 好時牛奶巧克力（片装）",""
"EAN13","4902750416697","556967 味覺糖OPEN小將福岡草莓口味條糖",""
"EAN13","4710543027601","762039 (贈)樂事棒球球衣造型杯套",""
"EAN13","4719892036425","493925 極凍濕巾 20 抽 1 入組-Kitty 玫瑰",""
"EAN13","4710036609745","742322 靠得住好菌 PLUS+ 28cm 9 片",""
"EAN13","4712726300700","758125 科研所涼感濕紙巾(森林)",""
"EAN13","4710022077947","758018 OPEN! 德州薯條香濃起司口味",""
"EAN13","4901335007336","762900 OPEN! 湖池屋厚切洋芋片極品原味",""
"EAN13","4713265072025","764529 (量)鴻津玉米棒-BBQ 碳烤風味",""
"EAN13","4713153351627","765893 好時萌巧包",""
"EAN13","4710176045717","493911 華元卡力 MAX-蜜糖脆",""
"EAN13","4710543027483","761825 樂事濃郁奶香玉米濃湯口味洋芋片",""
"EAN13","4710543027469","761922 樂事法式酸奶油洋蔥口味洋芋片",""
"EAN13","4711257007930","752775 KITKAT 超大威化巧克力(6 入)",""
"EAN13","4714686201571","752790 德芙絲滑牛奶巧克力 80g",""
"EAN13","4713494040725","760893 迪士尼大棒棒糖造型棉花糖",""
"EAN13","4903032244151","758925 (G)雷神濃抹茶巧克力風味餅乾",""
"EAN13","4903032243055","758949 (G)雷神香草巧克力冰淇淋風味餅乾",""
"EAN13","4902885003465","604862 (G)Peyoung 超大盛燒激辛半半炒麵",""
"EAN13","4713575037222","766662 我的健康日記蜂王膠原飲 6 入組",""
"EAN13","4713575142629","766700 我的健康日記燕窩精萃膠原飲 6 入組",""
"EAN13","4710090206752","752771 77 乳加(10 入裝)-超大分享盒",""
"EAN13","4710543027586","761928 樂事咖哩豬排口味洋芋片",""
"EAN13","4710543027490","762002 樂事泰式檸檬雞口味洋芋片",""
"EAN13","4710543027452","762008 樂事酥炸雞柳條口味洋芋片",""
"EAN13","4710543027476","762013 樂事金黃軟殼蟹口味洋芋片",""
"EAN13","4710022066736","767139 可樂果 JUMBO 酷辣口味",""
"EAN13","4719886903641","766248 三麗鷗雙提繩編織購物袋-Kitty",""
"EAN13","4719886903672","766250 三麗鷗雙提繩編織購物袋-大耳狗",""
"EAN13","4719886903665","766255 三麗鷗雙提繩編織購物袋-酷洛米",""
"EAN13","4710810653015","760137 弼臣防風打火機-TAIWAN ICON",""
"EAN13","4901301403593","766126 Biore 含水防曬舒芙蕾霜",""
"EAN13","4712726400715","758135 科研所涼感濕紙巾(海洋)",""
"EAN13","4710049850310","759172 康乃馨超大尺寸寶寶濕巾 80 片",""
"EAN13","4719886904449","766243 (專)大耳狗不鏽鋼保溫杯",""
"EAN13","4719886904432","766245 (專)Hello Kitty 不鏽鋼保溫杯",""
"EAN13","4719886903658","766241 三麗鷗雙提繩編織購物袋-美樂蒂",""
"EAN13","4710171007659","764514 龜記蜜桃烏龍茶",""
"EAN13","4711506108492","766285 午後紅茶-無糖紅茶 x 巴斯光年玩偶",""
"EAN13","4711506108508","766342 午後紅茶-無糖紅茶 x 三眼怪玩偶",""
"EAN13","4711506108485","766334 午後紅茶-無糖紅茶 x 熊抱哥玩偶",""
"EAN13","4711225735043","766111 可口可樂品牌大使 BTSV 書籤組",""
"EAN13","4971710553077","760276 (G)雪肌粹日用完美防曬精華",""
"EAN13","4710008063397","757304 統一冰淇淋香草風味 80g",""
"EAN13","4710085251964","758070 Pure Brew 開心果風味拿鐵-PET350",""
"EAN13","4710010352055","766133 喬亞滴濾無糖黑咖啡 CAN180",""
"EAN13","4714247122142","766300 十六茶零咖啡因水果茶 PET530",""
"EAN13","8802623040415","763859 (G)韓國 ChamFoody 起司球 370g",""
"EAN13","4562040560277","762303 2O)青森王林蘋果沙瓦 350ml",""
"EAN13","4711225735036","766088 可口可樂品牌大使 BTSV 應援扇",""
"EAN13","4934418623529","764075 常陸野貓頭鷹-雛菊愛爾啤酒 350ml",""
"EAN13","4901411117385","762269 2O)KIRIN 本麒麟啤酒-冰點熟成",""
"EAN13","4901411140957","762272 2O)KIRIN 特製調酒-櫻桃風味沙瓦",""
"EAN13","0712002601117","760762 (贈)海尼根派對歡樂冰桶",""
"EAN13","0029433391057","764137 常陸野貓頭鷹-雛菊愛爾啤酒 500ml",""
"EAN13","0850069040415","763859 (G)韓國 ChamFoody 起司球 370g",""
"EAN13","4710088424611","765000 LP33 無加糖機能優酪乳 PE900ml",""
"EAN13","4710105095387","764928 (E)瑞麟美而美早餐店奶茶",""
"EAN13","4711201705817","765263 icash-106 大同寶寶",""
"EAN13","4711201705954","765298 icash-經典咖波公仔",""
"EAN13","4711201706166","765506 icash-巨大哥吉拉-1.0",""
"EAN13","4710611435152","763227 桂冠黃金起司球",""
"EAN13","4710088473688","761887 阿華田巧克力麥芽牛奶 400ml",""
"EAN13","4711289495000","765190 一卡通-作業簿《英語》",""
"EAN13","4711643460750","765205 一卡通-SNOOPY《我想飛》",""
"EAN13","4711643460767","765151 一卡通-SNOOPY《沙發友誼》",""
"EAN13","4711643460774","765211 一卡通-SNOOPY《奶茶色奧拉夫》",""
"EAN13","4711643460811","765124 一卡通-MOOMIN《溜溜》",""
"EAN13","4711643460804","765204 一卡通-MOOMIN《在一起》",""
"EAN13","4711643460798","765172 一卡通-MOOMIN《跳望》",""
"EAN13","4711643460781","765212 一卡通-MOOMIN《跳水》",""
"EAN13","4711693790975","765268 悠遊卡 SP-PUPPET8 連拍-NONNON",""
"EAN13","4711693790982","765269 悠遊卡 SP-PUPPET8 連拍-ZONZON",""
"EAN13","4711693790968","765295 悠遊卡 SP-PUPPET8 連拍-SUNSUN",""
"EAN13","4711693791286","765271 悠遊卡 SP-吉伊卡哇可愛小臉-吉伊",""
"EAN13","4711693791293","765276 悠遊卡 SP-吉伊卡哇可愛小臉-小八",""
"EAN13","4711693791309","765290 悠遊卡 SP-吉伊卡哇可愛小臉-兔兔",""
"EAN13","4711693790050","765314 悠遊卡 SP-土反本日常-泡麵",""
"EAN13","4711693790074","765320 悠遊卡 SP-土反本日常-西瓜",""
"EAN13","4711643460941","765141 一卡通-尼紐《折手手》造型",""
"EAN13","4711527173226","765424 一卡通-我獨自升級盲包",""
"EAN13","4711201706111","765281 icash-2026 2S SPOTAINMENT",""
"EAN13","4711693791255","765266 悠遊卡 SP-老屋顏馬賽克-招財貓",""
"EAN13","4711693790920","765301 悠遊卡 SP-布丁狗 30 周年-變裝秀",""
"EAN13","4711693790685","765309 悠遊卡 SP-蠟筆小新-飛起來",""
"UPCA","850069667122","755900 不倒翁切達起司風味炒麵(包)",""
"UPCA","850069667146","755902 不倒翁香辣切達起司風味炒麵(包)",""
"EAN13","4710209222115","073059  BeautedeCoco快通酵素",""
"EAN13","4713575074265","305489  我的健康日記六效乳酸菌(3包入)",""
"EAN13","4713575132521","307628  利捷維有酵維生素C口嚼錠 5錠",""
"EAN13","4710043031133","309480  桂格人蔘蜆精",""
"EAN13","8886467102479","320180  品客洋芋片-比薩(大)",""
"EAN13","8886467102394","320208  (A)品客洋芋片-原味(大)",""
"EAN13","8886467102462","320220  品客洋芋片-洋蔥(小)",""
"EAN13","4897022620998","321662  京都念慈菴清潤無糖枇杷膏",""
"EAN13","4713575132873","340996  我的健康日記夜食酵素EX2入",""
"EAN13","4710339003981","342305  福樂自然零藍莓優酪",""
"EAN13","4713469767280","344859  順天本草調理飲-光亮飲200ml",""
"EAN13","4713469767303","345549  順天本草調理飲-龜苓飲200ml",""
"EAN13","4713469767297","345819  順天本草調理飲-亮妍飲200ml",""
"EAN13","4710445935510","347018  馬修嚴選原味鮮乳優格",""
"EAN13","4713575132996","349119  利捷維有酵超級B群膜衣錠 14錠",""
"EAN13","4710043035490","352610  桂格雙效活靈芝滋補液",""
"EAN13","4710043010329","355902  桂格蜜人蔘",""
"EAN13","4710209729201","368276  葡萄王田七瑪卡王精華飲",""
"EAN13","8850987101489","376338  泰國 MAMA 酸辣蝦味麵",""
"EAN13","4710543023508","376774  多力多滋黃金起司味玉米片50元",""
"EAN13","4710174123516","384139  Energy Time機能凍 電解質PLUS",""
"EAN13","4710174123493","384179  Energy Time機能凍 元氣PLUS",""
"EAN13","4710784964226","386986  質立希臘式優格(蜂蜜)",""
"EAN13","4710043037647","387464  天地合補葉黃素功能飲",""
"EAN13","4713575101695","393244  我的健康日記夜食酵素2入",""
"EAN13","8886467102486","407440  品客洋芋片-碳烤 BBQ 口味大",""
"EAN13","8886467102493","407848  品客洋芋片香濃起司口味",""
"EAN13","4713469767327","409026  順天本草調理飲-三去飲200ml",""
"EAN13","4897878230020","409305  日清合味道香辣海鮮味杯麵",""
"EAN13","4897878230013","409314  日清合味道海鮮味杯麵",""
"EAN13","4714290202926","429718  船井burner倍熱極纖錠",""
"EAN13","4710543022624","489896  多力多滋美式BBQ豬肋排味玉米片",""
"EAN13","4710209723117","502158  葡萄王解久益",""
"EAN13","4710543019624","524816  多力多滋蒜味牛菲力口味玉米片",""
"EAN13","4710043013412","530745  天地合補膠原蛋白玫瑰四物飲",""
"EAN13","8886467127809","533618  品客辣炒蒜香龍蝦風味洋芋片",""
"EAN13","8801043070973","542279  農心辛拉麵(泰式酸辣味)大碗麵",""
"EAN13","4710339003974","543028  福樂自然零原味優酪180G",""
"EAN13","4710543023515","544056  多力多滋超濃起司口味玉米片50元",""
"EAN13","4719860578241","551412  美控排空飲",""
"EAN13","4710784965537","561037  質立希臘式優格(無加糖)",""
"EAN13","4710209995484","563685  葡萄王益菌王粉末顆粒(3包裝)",""
"EAN13","4714687100064","573627  力保美達",""
"EAN13","4710339005947","580156  福樂自然零無加糖優酪180g",""
"EAN13","4710088824509","582699  AB+無加糖優格200g",""
"EAN13","4710088824493","582922  AB+綜合莓果優格200g",""
"EAN13","4710543008383","586036  多力多滋美式辣起士口味玉米片",""
"EAN13","4710543008789","586041  多力多滋黃金起司味玉米片",""
"EAN13","4710543008741","586048  (A)多力多滋超濃起司味玉米片",""
"EAN13","4710543000639","586228  奇多兩倍濃起司口味玉米棒",""
"EAN13","4710543008888","586366  奇多家常起司口味玉米棒",""
"EAN13","8994963002152","590480  營多拌炒麵-重量杯",""
"EAN13","8801045520209","590554  韓國不倒翁起司拉麵(包)111g",""
"EAN13","4710445937743","592410  馬修嚴選藍莓鮮乳優格",""
"EAN13","4713575127046","592746  舒密護蔓越莓益生菌5入",""
"EAN13","4710339007774","600180  福樂超能蛋白百香果優酪",""
"EAN13","4710043010145","600730  桂格養氣人蔘",""
"EAN13","4897878100439","607149  日清 CUP NOODLE 海鮮味杯麵",""
"EAN13","4897878100422","607151  日清 CUP NOODLE 鮮蝦味杯麵",""
"EAN13","4713575142315","610466  利捷維多重膠原蛋白口嚼錠 7錠",""
"EAN13","8801043070409","610760  農心辛炒麵泰式酸辣味(包)",""
"EAN13","4710110238236","611208  勝王牡蠣雞湯風味拉麵",""
"EAN13","4710543024901","618138  多力多滋香菜口味玉米片",""
"EAN13","4710043016949","628527  天地合補青木瓜玫瑰四物飲",""
"EAN13","4710543024840","631416  多力多滋勁辣香檸口味玉米片",""
"EAN13","4710543024932","631439  POPCORNERS爆米花脆片鹹甜口味",""
"EAN13","4710174125053","649002  Energy Time機能凍 GABAPLUS",""
"EAN13","4714290203558","649028  船井burner夜纖胺基酸EXPLUS4顆",""
"EAN13","4714290203916","649032  船井burner食事對策EX PRO+4顆",""
"EAN13","4710339007743","675928  福樂超能蛋白無加糖優酪",""
"EAN13","4713575128333","675935  利捷維複方有酵保護精華飲",""
"EAN13","8801045571263","688988  韓國不倒翁起司風味湯杯麵",""
"EAN13","4713575142575","692505  利捷維有酵女性綜合Vit+鐵EX 5錠",""
"EAN13","4713575142605","692507  利捷維有酵維生素B群+鐵EX 5錠",""
"EAN13","4713575142582","692509  利捷維有酵男性綜合Vit+鋅EX 5錠",""
"EAN13","4713575142599","692514  利捷維有酵維生素B群+鋅EX 5錠",""
"EAN13","4710784969658","694468  質立希臘式優格(草莓無加糖)",""
"EAN13","4901990382090","707127  東洋水產正麵芳醇濃醬油風味拉麵",""
"EAN13","4901990382137","707141  東洋水產正麵濃厚味噌風味拉麵",""
"EAN13","4897878870325","707212  日清寶來軒特製博多豚骨味拉麵",""
"EAN13","4897878870318","707217  日清寶來軒函館鹽味拉麵",""
"EAN13","4711514541038","727076  虎留香老譚酸菜魚粉",""
"EAN13","4711514541014","727100  虎留香川味酸辣粉",""
"EAN13","4710543026462","729537  多力多滋皮蛋口味玉米片",""
"EAN13","8886467129469","733014  品客秘炙醬香辣烤牛風味洋芋片",""
"EAN13","4710339007613","733928  福樂頂級蜂蜜希臘式優格135g",""
"EAN13","4710543013059","736681  多力多滋爆蒜鮮蝦口味",""
"EAN13","4715646001484","738182  全大豆優格 紅心芭樂",""
"EAN13","8886467129452","739038  品客完熟茄汁漢堡排風味洋芋片",""
"EAN13","4710105001098","750988  光泉純乳優酪",""
"EAN13","4710247027192","757914  (贈)迪士尼玩具總動員收納袋",""
"EAN13","4712918750118","760341  鮮凍綜合莓",""
"EAN13","4710543027414","762027  多力多滋爆脆捲青花椒口味玉米捲",""
"EAN13","4710543027391","762029  多力多滋爆脆捲爆濃起司口味",""
"EAN13","4710543027544","762042  (贈)多力多滋三角零錢包",""
"EAN13","4715517841065","762046  (贈)品客心情燈",""
"EAN13","6921014044375","766333 （箱購銷）麒麟霸啤酒330cc罐24入",""
"EAN13","4710777315004","783543  白蘭氏冰糖燕窩42g",""
"EAN13","4710043018189","783857  桂格養氣人蔘雞精",""
"EAN13","4713575130053","793448  我的健康日記超前部署益生菌3入",""
"EAN13","4713575130190","804049  利捷維有酵順暢酵素飲",""
"EAN13","4713575130152","814151  利捷維有酵維生素D3錠 5錠",""
"EAN13","4714290203169","853145  船井burner極纖飲(新升級)30ml",""
"EAN13","4714290203176","854038  船井burner夜纖飲EX 30ml",""
"EAN13","4710339006418","904986  福樂頂級無加糖希臘式優格(方盒)",""
"EAN13","4710339006746","982101  福樂頂級鮮奶優酪135g",""
"UPCA","031146019809","411237  煮)農心頂級辛拉麵(微辣牛骨湯味",""
"UPCA","081364362188","600617  京都念慈菴蜜煉枇杷膏",""
"UPCA","648436311071","746008  (4L)八道蛤蜊海帶湯麵(包)",""
"UPCA","089686170726","848930  營多拌炒麵",""
"EAN13","8809411167652","738570（實）韓國天日鹽海苔16入",""
"EAN13","4710564528013","765338 悠遊卡-富士相機 X100VI (未分類)",""
"EAN13","8934563616120","765019 AcecookCoCo 壹番屋咖哩烏龍麵",""
"EAN13","8934563641153","765036 Acecook 逸品柚子風味杯麵",""
"EAN13","4901360366491","766878 BOURBON 脆糖水蜜桃風味 QQ 軟糖",""
"EAN13","4901360366583","766970 BOURBON 巴西莓果碗風味軟糖",""
"EAN13","4902750837812","762654 味覺糖脆Q 草莓風味夾心糖",""
"EAN13","4902750791343","762704 味覺糖 Mochu 極致軟糖-麝香葡萄",""
"EAN13","4901360368129","766870 BOURBON 牛奶巧風味布朗尼棒",""
"EAN13","6281100356769","752821 GODIVA 脆層焦糖巧克力棒(含餡)",""
"EAN13","8902433003134","771385 士力架花生可可棒-牛奶糖風味",""
"EAN13","4710176045526","772763 MINI BAR 玉黍叔-漢堡口味",""
"EAN13","4710176045687","767261 波的多洋芋片-莎莎塔可風味",""
"EAN13","4901360358397","767116 BOURBON 一口雞汁風味洋芋片",""
"EAN13","4719880904075","770103 Hello Kitty 易開罐濕紙巾-30 抽",""
"EAN13","4719880904082","770113 大耳狗易開罐濕紙巾-30 抽",""
"EAN13","4719880904099","770115 酷洛米易開罐濕紙巾-30 抽",""
"EAN13","4711626370076","766298 UNIDESIGN 免洗毛浴巾旅行組",""
"EAN13","4710176045670","767266 波的多洋芋片-肉骨茶風味",""
"EAN13","4710176045663","767276 波的多洋芋片-辣炒年糕風味",""
"EAN13","4713837033566","767311 統一生機-珍饌四果",""
"EAN13","4713837033542","493527 統一生機-楓糖腰果",""
"EAN13","4901360362745","767112 BOURBON 一口牛奶風味爽心餅乾",""
"EAN13","4953823635309","772492 LOTTE 爽冰淇淋-藍莓優格口味",""
"EAN13","4901006221726","772479 井村屋 Truffle 松露巧克力冰淇淋",""
"EAN13","4713530722675","763554 明治香草巧酥雪糕",""
"EAN13","4710122015078","756377 小美巧敲冰提拉米蘇",""
"EAN13","4713410550916","765473 GODIVA 榛果岩白巧流心雪糕",""
"EAN13","6925303758615","766377 茶裡王茉莉龍井 PET420",""
"EAN13","6925303702878","766355 茶裡王正山小種 PET420",""
"EAN13","4710209997617","766310 PowerBOMB 爆能-早安古莫檸CAN225",""
"EAN13","4904230074342","766608 日本 NIKKA 弗朗提亞威士忌 500ml",""
"EAN13","4901777444058","764272 三得利-196℃無糖葡萄柚柳橙",""
"EAN13","4901411148335","771228 KIRIN 冰結調酒-無糖鹽葡萄柚",""
"EAN13","4901411139869","771239 KIRIN 冰結調酒-無糖青蘋果",""
"EAN13","4962656098915","765881 沖繩 Orion 奧利恩香檬啤酒",""
"EAN13","6921014099689","766455 麒麟霸零糖質啤酒 330cc 罐",""
"EAN13","4904230073192","767501 Asahi 贅沢果榨-葡萄",""
"EAN13","4710174123578","383865 原之果實小蜜柑鮮果凍",""
"EAN13","4713145009246","758586 (贈)SEVENTEEN 年糕鑰匙圈盲盒",""
"EAN13","4715646001491","767228 生乳烤布丁",""
"EAN13","4713057770678","767452 (E)聖德科斯葡萄芭樂綜合果汁",""
"EAN13","4711281705664","771372 icash-小魔女-轉換器發光手環",""
"EAN13","4711281706081","751509 icash-傳說對決聯名盲包",""
"EAN13","4711281705985","771382 icash-莉可麗絲-名場景A",""
"EAN13","4711281705992","771406 icash-莉可麗絲-名場景B",""
"EAN13","4711693791262","771374 悠遊卡 SP-土反本日常-最強殺手",""
"EAN13","4710564516126","771427 悠遊卡 SP-吉伊卡哇盲包",""
"EAN13","4711693790661","771420 悠遊卡 SP-早午餐兄弟-吐司零錢包",""
"EAN13","4710564529638","771442 悠遊卡 SP-蠟筆小新造型盲包",""
"EAN13","4711643461054","771307 一卡通-小熊維尼蜂蜜尼萌造型",""
"EAN13","4711643460859","771306 一卡通-熊熊遇見你《郊遊》造型",""
"EAN13","4711643460842","771295 一卡通-熊熊遇見你《阿極蜜蜂》",""
"EAN13","4711643460828","771350 一卡通-熊熊遇見你《大大蜜蜂》",""
"EAN13","4711643460835","771322 一卡通-熊熊遇見你《胖達花花》",""
"EAN13","4711643460927","771274 一卡通-探險活寶《擁抱》",""
"EAN13","4711643460934","771318 一卡通-探險活寶《老皮在這》",""
"EAN13","4711643461139","771332 一卡通-迪士尼公主愛麗兒",""
"EAN13","4711643461122","771184 一卡通-迪士尼公主仙度瑞拉",""
"EAN13","4711643461115","771278 一卡通-迪士尼公主山茶花白雪",""
"EAN13","4711643460958","771316 一卡通-遊戲人生《巧克力》",""
"EAN13","4711643460972","771329 一卡通-遊戲人生《吉普莉爾》",""
"EAN13","4711643460965","771351 一卡通-遊戲人生《休比打仗》",""
"EAN8","27669990","766999 BOURBON FET 檸檬風味軟糖",""
"EAN8","27639887","763988 OPEN!x三麗鷗超大自動傘-大圖款",""
"EAN8","27724743","772474 噶瑪蘭珍選 No.2 威士忌 0.2L",""
"EAN8","27661949","766194 台灣上等蕉 550g",""
"EAN8","27703021","770302 潮粵坊叉燒包",""
"I24","27683354","768335 (冷)山內雞肉椒麻雞腳",""
"I24","27727584","772758 (袋)元進莊櫸木燻鴨",""
"I24","27601334","760133 新感覺雙重巧克力夾心",""
"I24","27607121","760712 肉鬆奶皇捲餡土司",""
"I24","27051603","705160 (區)巧克力蛋糕土司",""
"I24","27684337","768433 寶可夢-托斯卡尼雙餡土司",""
"I24","27684634","768463 寶可夢-起司QQ條",""
"I24","27691731","769173 (區)鈴鐺小蛋糕",""
"I24","27684719","768471 (區)芝麻QQ球",""
"I24","27712856","771285 潮粵坊 楊枝甘露",""
"I24","27722541","772254 LaDears 草莓黑森林蛋糕",""
"I24","27721124","772112 LaDears 法式乳酪塔",""
"I24","27721339","772133 LaDears 焦糖布蕾",""
"I24","27721155","772115 LaDears 焦糖布蕾馬卡龍",""
"I35","27699973","769997 美國空運藍莓盒",""
"I35","27700419","770041 紐西蘭黃金奇異果2入",""
"I35","27690475","769047 愛文芒果切片",""
"I35","27690277","769027 OPEN-紐西蘭富士蘋果袋",""
"I35","27698389","769838 和風生鮪",""
"I35","27661840","766184 (袋)馨苑傳統南部粽",""
"I35","27656341","765634 (區)(剝葉)呷七碗招牌北部粽",""
"I35","27696248","769624 極饗-椒麻蔥油雞絲冷麵",""
"I35","27696842","769684 (離)極饗-椒麻蔥油雞絲冷麵",""
"I35","26696980","669698 極饗-真飽經典麻醬涼麵",""
"I35","26700182","670018 (離)極饗-真飽經典麻醬涼麵",""
"I35","27695753","769575 鮮蝦明太子冷義大利麵",""
"I35","27696347","769634 (離)鮮蝦明太子冷義大利麵",""
"I35","27697535","769753 潮粵坊-豉油皇牛肉煎粉",""
"I35","27698433","769843 (離)潮粵坊-豉油皇牛肉煎粉",""
"I35","27684245","768424 潮粵坊-港式叉燒油雞飯",""
"I35","27685037","768503 (離)潮粵坊-港式叉燒油雞飯",""
"I35","27694299","769429 潮粵坊-京醬鴨絲飯團",""
"I35","27694718","769471 (澎)潮粵坊-京醬鴨絲飯團",""
"I35","27684696","768469 (金馬)潮粵坊-京醬鴨絲飯團",""
"I35","27684573","768457 TOMMI私房花雕雞腿排米漢堡",""
"I35","27695005","769500 檸檬卡士達綜合水果三明治",""
"I35","27694749","769474 (區)綠寶石葡萄三明治",""
"I24","27658666","765866吉伊卡哇花生粉糰子",""
"EAN13","4710199113943","369690 維力辣炸醬麵重量碗",""
"EAN13","4710088412126","375146 大補帖當歸鴨風味細麵",""
"EAN13","4710199109649","376789 台酒花雕酸菜牛肉麵",""
"EAN13","4710110237857","561350 隨緣麻辣燙湯麵(杯)",""
"EAN13","4710088410214","173920 統一脆麵",""
"EAN13","4711466194320","593536  CR PRO抗異味吸濕排汗衣背心-白M",""
"EAN13","4711466194283","593543  CR PRO抗異味吸濕排汗衣圓領-麻灰XL",""
"EAN13","4711466194337","593545  CR PRO抗異味吸濕排汗衣背心-白L",""
"EAN13","4711466194238","593559  CR PRO抗異味吸濕排汗衣圓領-麻藍M",""
"EAN13","4711466194245","593561  CR PRO抗異味吸濕排汗衣圓領-麻藍L",""
"EAN13","4711466194290","593579  CR PRO抗異味吸濕排汗衣圓領-黑M",""
"EAN13","4711466194252","596634  CR PRO抗異味吸濕排汗衣圓領-麻藍XL",""
"EAN13","4711466194306","596665  CR PRO抗異味吸濕排汗衣圓領-黑L",""
"EAN13","4711466194313","596678  CR PRO抗異味吸濕排汗衣圓領-黑XL",""
"EAN13","4711466194344","596694  CR PRO抗異味吸濕排汗衣背心-白XL",""
"EAN13","4902750627222","688070  G)味覺糖酷露露麝香葡萄口味軟糖",""
"EAN13","4711438371346","702867  OPEN! 葡萄風味跳跳棉花糖",""
"EAN13","4711438371353","702876  OPEN! 草莓風味跳跳棉花糖",""
"EAN13","4713269485711","716529  橙香葡萄柚紅茶(白種元)",""
"EAN13","4711506420112","729211  百吉布丁大雪糕",""
"EAN13","4903111370955","742142  蘇菲衛生棉條導管式量多型9入",""
"EAN13","4711466197178","752988  CR PRO抗異味吸濕排汗V領-黑L",""
"EAN13","4711466197185","752995  CR PRO抗異味吸濕排汗V領-黑XL",""
"EAN13","4711466197161","753009  CR PRO抗異味吸濕排汗衣V領-黑M",""
"EAN13","4710088636355","763482  飲冰室烏龍奶茶",""
"EAN13","8691216090439","473007  哈瑞寶金熊Q軟糖80g",""
"EAN13","4711466194269","590747  CR PRO抗異味吸濕排汗衣圓領-麻灰M",""
"EAN13","4711466194276","593526  CR PRO抗異味吸濕排汗衣圓領-麻灰L",""
"EAN8","20881658","881658 黃色價格卡一包20張",""
"EAN13","8801043055154","127437 農心辛辣白菜風味杯麵",""
"EAN13","8888021201826","613542 勁量高科技鹼性電池-4號4入",""
"EAN13","8888021201819","613577 勁量高科技鹼性電池-3號4入",""
"EAN13","4710134034715","637297 日東紅茶皇家奶茶-原味",""
"EAN13","4710430009820","649896 OPEN！飛壘MAXQ乳酸菌軟糖-原味乳酸風味20g","20260814_五六日_020"
"EAN13","4710104029291","669272 （1串）得意3層抽衛100抽-吉伊卡哇",""
"EAN13","4710134034937","721084 日東紅茶-焙香煎茶歐蕾",""
"EAN13","4711626711275","747463 我的心機外泌體水光防曬噴霧90ml",""
"EAN13","4711626711176","747482 我的心機香氛涼感防曬噴霧90ml",""
"EAN13","4714108912047","757537  Base n U GABA無乳糖芝麻牛乳",""
"EAN13","4714108912078","757544  Base n U膠原蛋白無乳糖麥芽牛乳",""
"EAN13","8850157408424","757556 泰國Bento辣味魷魚經典原味4g",""
"EAN13","4710054157310","816008 蘇菲清新涼感薄荷日用23cm 9片",""
"EAN13","4712927553779","828239  老協珍人蔘精-麥蘆卡蜂蜜",""
"EAN13","4710345544003","863402 汪喵-原味嫩雞丁22g",""
"EAN13","4710345544034","863432 汪喵-大尾丁香魚15g",""
"EAN13","4710110232388","368214多喝水PET700",""
"EAN13","4710022069911","754094 卡迪那豌豆波浪脆哇沙米口味",""
"EAN13","4904112828483","367518日本製GS好洗抗菌酵素洗衣粉",""
"EAN8","49386776","568502 LOTTE爽冰淇淋-香草口味",""
"EAN8","04011312","132558 MMS牛奶巧克力",""
"EAN8","04011321","132561 MMS花生巧克力",""
"EAN13","4710094130359","479575 白蘭香氛洗衣球-質感小蒼蘭23顆",""
"EAN13","4713575090616","353583 美麗日記大馬士革玫瑰8入",""
"EAN13","4713575133979","535469 自白肌ACNE毛孔淨化潔顏乳100g",""
"EAN13","4710038860625","400269 小鹿山丘12H長效防蚊液20ml",""
"EAN13","4711577014159","460161 Pentel針蕊中性筆-黑色0.4mm",""
"EAN13","4711577054605","708292 Pentel極速鋼珠筆-藍色0.5mm",""
"EAN13","4711577075549","596090 Pentel自動螢光筆-黃",""
"EAN13","4902775015356","210861  星太郎點心麵-大雞汁",""
"EAN13","8993175551649","438215 Nabati 巧克力威化餅",""
"EAN13","7610700008034","518620  利口樂瑞士草本喉糖檸檬薄荷風味",""
"EAN13","4711438371391","724508  OPEN！花瓣草莓風味甜甜圈",""
"EAN13","4711506422215","756545 百吉沙士棒棒冰",""
"EAN13","4901005007727","757746  必思可乳酸菌餅乾草莓口味迷你包",""
"EAN13","4901005007574","757750 必思可乳酸菌餅乾牛奶口味迷你包",""
"EAN13","4710114843238","739910 舒潔沁涼冰巾10抽",""
"EAN13","4710114812012","377921  舒潔濕式衛生紙30抽",""
"EAN13","4711271035337","803010 台鹽喜馬拉雅手採玫瑰鹽（鹽灑罐）",""
"UPCA","031146157396","982018 農心安城拉麵（包）",""
"EAN13","4902397846413","708333 西莎點心低脂雞胸培根切片口味",""
"EAN8","27639917","763991 OPEN!x三麗鷗超大自動傘-集合款",""
"I35","27684733","769515 潮粵坊-鴨肉捲餅",""
"EAN13","9300682016278","299327 MMS迷你糖衣巧克力",""
"EAN13","4710105001401","556816 光泉頂級鮮奶優酪莓果穀物脆片",""
"EAN13","4711506420075","752759  百吉孔雀餅乾雪糕",""
"EAN8","29740291","974029杜老爺曠派巧克力大雪糕",""
"EAN13","4710018348204","707277 可口可樂迷你罐CAN200",""
"EAN13","4710018350207","707366雪碧迷你罐CAN200",""
"EAN13","4710110239912","780215味味 A 炒泡麵黑胡椒鐵板豬肉",""
"EAN13","4713575153137","783555我的健康日記速攻夜亮錠單日份",""
"EAN13","4710035350457","760860森永 in 果凍（檸檬酸）",""
"EAN13","4711279868852","360768量-亦擇-純黑芝麻杏仁脆片",""
"EAN13","4710874163690","478779量-滬尾漁家烤玉米-醬香風味",""
"EAN13","4710022070238","612176量-可樂果-MiNi原味量販袋",""
"EAN13","4710174125510","682394量-Dr.Q XXL零卡蒟蒻（荔枝）",""
"EAN13","4711018058766","408662量-莊家鹹蛋黃方塊酥450g",""
"EAN13","4711018057936","408726量-莊家全麥方塊酥430g",""
"EAN8","20089283","300336 司迪生茉莉綠茶",""
"EAN8","23047853","304785 手信坊有餡之捲禮盒",""
"EAN8","23051690","305169 ◎萬歲牌每日堅果禮盒16入",""
"EAN8","20084820","305547 萬嵗牌無調味堅果禮盒",""
"EAN8","26856995","307832 所長茶葉蛋-蛋白執-香辣",""
"EAN8","26856582","307849 所長茶葉蛋-蛋白執",""
"EAN8","26878126","308097 良食草堂-黑芝麻糕",""
"EAN8","23093652","309365 雪月仙貝",""
"EAN8","23201767","320176 宜蘭餅-楓糖",""
"EAN13","4710088410450","119423 (選)統一調和米粉肉燥風味(包)",""
"EAN13","4710088410184","119559 (選)統一麵鮮蝦風味(包)",""
"EAN13","4710088410115","119575 統一麵肉燥風味(包)",""
"EAN13","4710088412218","119588 滿漢大餐珍味牛肉麵",""
"EAN13","4710088410283","119591 統一麵鮮蝦風味(碗)",""
"EAN13","4710088410290","119601 統一麵肉燥風味(碗)",""
"EAN13","4710088410306","119698 統一麵蔥燒牛肉風味(包)",""
"EAN13","4710088410313","119724 統一麵蔥燒牛肉風味(碗)",""
"EAN13","4711588311537","544275 台灣生啤酒（18天）",""
"EAN13","4902397846451","603437 西莎點心主廚嚴選香軟牛肉切塊",""
"EAN13","8886467102400","320175品客洋芋片-原味（小）",""
"EAN13","4710015202585","036801 孔雀捲心餅咖啡",""
"EAN13","4710098186420","037307 新貴派綜合巧克力禮盒",""
"EAN13","4710174105918","059211 真好禮-Triko巧克力餅坊禮盒",""
"EAN13","4710022011163","096582 真好禮萬歲牌真味果物綜合禮盒",""
"EAN13","4710199085707","096773 張君雅小妹妹休間丸子日式串燒",""
"EAN13","4710866000200","110660 北海鱈魚香絲（中）",""
"EAN13","4710159010022","110738 翠果子",""
"EAN13","4710047502011","112840 營養口糧",""
"EAN13","4710162000010","113265 中立麥穗蘇打",""
"EAN13","4710015202523","122827 孔雀餅乾",""
"EAN13","4710030811304","127521 珍珍芝麻鱈絲",""
"EAN13","4710174008165","130158 盛香珍甘草瓜子",""
"EAN13","4710126020030","131890 義美花生夾心",""
"EAN13","4710022201304","132341 可樂果豌豆酥（小）",""
"EAN13","4713153338666","169240 城市一族棒狀餅乾-草莓口味",""
"EAN13","4713653600218","185006 冠億花生糖",""
"EAN13","4710866000507","185378 北海鱈魚香絲（大）",""
"EAN13","4903333032280","185967 樂天小熊餅（巧克力）",""
"EAN13","8888077101224","194600 明治雙醬洋洋棒餅乾巧克力草莓",""
"EAN13","4711946900762","211956 爭鮮有機甘栗仁",""
"EAN13","4713653602939","233323 台灣土豆王蒜味落花生",""
"EAN13","4902775015653","246439 星太郎點心麵-中香辣",""
"EAN13","4710022275305","271543 卡迪那德州薯條茄汁（小）",""
"EAN13","4710126012035","280257 義美蛋捲芝麻",""
"EAN13","4710179170218","287160 摩卡咖啡隨身包（20入）",""
"EAN13","4710543016678","301767 樂事原味洋芋片意合包",""
"EAN13","4710543016692","301777 樂事海苔壽司味洋芋片意合包",""
"EAN13","4710189011532","301949 德昌沙茶豆乾",""
"EAN13","4710189011525","301952 德昌五香豆乾",""
"EAN13","4710189011549","301961 德昌炭燒角豆乾",""
"EAN13","4710543016685","302502 樂事雞汁味洋芋片意合包",""
"EAN13","4710543016777","302555 樂事A5和牛口味洋芋片意合包",""
"EAN13","4710057220097","303623 新東陽鳳梨酥禮盒",""
"EAN13","4710022000341","303635 可樂果豌豆酥大",""
"EAN13","4713006010411","304547 吳寶春月見幸福一口甜牛軋糖禮盒",""
"EAN13","4710307502096","304836 小林煎餅禮盒",""
"EAN13","4710782173026","305458 西雅圖達特罕無糖二合一盒",""
"EAN13","8801062267712","306858 Pepero香仁巧克力棒",""
"EAN13","4710144208328","306888 旺仔小饅頭",""
"EAN13","4710022023432","306895 萬蒜味珍珠開心果",""
"EAN13","4710898111066","307973 大田海洋大豬公風味魚片（罐）",""
"EAN13","4710057191083","308776 新東陽金紅禧肉乾禮盒",""
"EAN13","4710543016586","309708 奇多隨口脆雞汁口味玉米脆",""
"EAN13","4710543016555","309797 奇多隨口脆家常起司口味玉米脆",""
"EAN13","4710022055242","309964 萬歲牌綜合纖果隨手包",""
"EAN13","8858702437837","310097 Konomi相撲手脆紫菜-原味",""
"EAN13","8858702437868","310132 Konomi相撲手脆紫茶-辣味",""
"EAN13","4710887948079","314196 卡滋蠟筆小新多功能桶-動感超人",""
"EAN13","4710174106687","314406 HelloKitty雙味捲心酥禮盒",""
"EAN13","4711671180231","314410 高坑原味牛肉角-隨身包",""
"EAN13","4711671180248","314412 高坑辣味牛肉角-随身包",""
"EAN13","4710174107417","314435 真好禮-五福臨門堅果瓜子禮盒",""
"EAN13","4710015117148","314702 （區-訂1來1箱）福興宮醬油米乖乖",""
"EAN13","4710699200099","316966 韓國鹽烤海苔禮盒",""
"EAN13","4902775045858","317257 星太郎點心條餅-中雞汁",""
"EAN13","4710022019893","320417 可樂果古早味",""
"EAN13","4716375005279","320777 法式奶香夾心",""
"EAN13","4710126315655","325713 義美新綜合蛋捲禮盒",""
"EAN13","4710126315686","325741 義美世界風情畫-英式烘焙坊禮盒",""
"EAN13","4710144901779","326810 浪味仙-熔岩辣超司口味（洋芋捲）",""
"EAN13","4710174110646","327640 盛香珍禮讚堅果禮盒（5口味）",""
"EAN13","4711064511116","328829 吳家媽媽芋頭酥 150g",""
"EAN13","4711061490063","328840 尚野家牛蒡香酥脆餅",""
"EAN13","4711061490490","328914 果子製班所-米果脆條",""
"EAN13","4711587811120","328966 黑橋牌經典美饑禮盒",""
"EAN13","4710801130337","330492 老楊立方罐方塊酥-可可",""
"EAN13","4710801129874","330555 （區-箱）老楊立方罐方塊酥-黑糖",""
"EAN13","4710801129850","330570 （區-箱）老楊立方罐方塊酥-麥纖",""
"EAN13","4710801129867","330666 （區箱）老楊立方罐方塊酥芝麻鹼酥",""
"EAN13","4711064511505","332797 吳家媽媽地瓜酥原味150g",""
"EAN13","4901335006117","333581 湖池屋酥卡玉米脆棒極致和風醬燒",""
"EAN13","8801062636358","335905 樂天PEPERO白巧克力棒",""
"EAN13","4710022015215","336297 可樂果豌豆酥（醋辣）大",""
"EAN13","4711366900007","337380 卡特熊熊 - 椰香起酥千層派",""
"EAN13","4716022480978","337777 本事橘品韓式海苔禮盒",""
"EAN13","4710126315334","338975 義美IRIS小泡芙禮盒",""
"EAN13","4972767003715","340278 海苔小卷",""
"EAN13","4710126013537","343899 義美小蛋捲（原味）",""
"EAN13","4713153338697","344476 城市一族棒狀餅乾-巧克力口味",""
"EAN13","4710022070160","569298 萬歲牌夏威夷纖果",""
"EAN13","4713653604407","977409 台灣土豆王五香花生",""
"EAN13","4713653602908","466879 台灣土豆王蒜茸花生仁",""
"EAN13","4710174105765","978374 盛香珍小魚乾花生",""
"EAN13","4902201432405","812320 星巴克特選系列-焦糖瑪奇朵",""
"EAN13","4710467112067","699227 自然之顏蔬菜蘇打餅",""
"EAN13","4710467221042","699236 自然之顏紫菜蘇打餅",""
"EAN13","4710126010789","398379 義美花生煎餅",""
"EAN13","4710098142549","674596 77新貴派（花生）",""
"EAN13","8801062140398","555851 LOTTE 蛋黃派（6顆裝）",""
"EAN13","4713145010792","758023（串）圈圈餅經典鹽味吉伊卡哇",""
"EAN13","4713145010808","732950（串）貝殼餅蔬菜口味吉伊卡哇",""
"EAN13","4710247008917","527697 奥利奧巧克力夾心三明治餅乾",""
"EAN13","8994504124312","538121 明治Lucky巧克力口味棒狀餅乾",""
"EAN13","4710247019210","384231 奥利奥黑白巧克力口味夾心餅乾",""
"EAN13","8801117958909","406932 韓國好麗友烏龜玉米脆片",""
"EAN13","4710022070351","602449 卡迪那95°C波浪薯條雙濃起司風味",""
"EAN13","4710022031949","379188 卡迪那95°C北海道風味薯條海苔",""
"EAN13","8804782007101","722309 韓味覺烤肉風味洋芋片",""
"EAN13","4902777231259","548796 明治洋洋棒餅乾巧克力口味附糖粒",""
"EAN13","4710543026899","749113 話匣子Mini金黃炒蟹口味玉米片",""
"EAN13","4710543005313","411800 樂事大波浪椒香嫩雞口味洋芋片",""
"EAN13","4710627021369","513819 美珍香休閒金錢豬肉乾",""
"EAN13","4901335005622","529159 湖池屋純粹薯極脆燒海苔口味",""
"EAN13","4710096000995","396667 蝦味先香辣",""
"EAN13","4710022070733","600802 寶卡卡OPEN！醬燒嫩雞口味",""
"EAN13","4710057225047","524605 新東陽煙燻豬肉乾",""
"EAN13","4901335005424","500910 卡辣姆久厚切洋芋片極辛口味55元",""
"EAN13","4901335005363","500926 卡辣姆久平切洋芋片卡辣海苔35元",""
"EAN13","4902775056243","387973 星太郎超寬條餅-勁辣口味","20260814_五六日_004"
"EAN13","4710543023478","576056 話匣子Mini勁爆香辣口味玉米片",""
"EAN13","8934680033329","464994 奧利奧捲心酥-巧克力口味",""
"EAN13","8859745300454","345306 Kid-O厚餡夾心酥（奶油風味）",""
"EAN13","8934680033305","466524  奧利奧捲心酥-香草口味",""
"EAN13","4710247026102","569192 小瓜呆脆笛酥-巧克力39元",""
"EAN13","4710247026119","576217 小瓜呆脆笛酥-草莓39元",""
"EAN13","7622300761349","762038  迷你奧利奧夾心餅乾香草口味",""
"EAN13","4710247021367","659656 奧利奧減甜 香草口味夾心餅乾",""
"EAN13","4710247005275","320735 奧利奧原味夾心餅乾-香草口味",""
"EAN13","4711588210441","139173  台灣啤酒330cc罐",""
"EAN13","4710901463892","608332  軒記台灣肉乾王蒜味豬肉乾隨手包",""
"EAN13","4710901463885","608393  軒記台灣肉乾王蜜汁豬肉乾隨手包",""
"EAN13","6977209779003","622916  史迪奇泡泡棒",""
"EAN13","4711385263459","689546  MEA-073 三眼怪變裝派對-玩",""
"EAN13","4711517235316","700628  人魚漢頓 摺疊購物袋",""
"EAN13","4711517235279","700638  人魚漢頓 束口手提袋",""
"EAN13","4711517235354","709209  大耳狗 斜背手機包",""
"EAN13","4711517235323","709236  大耳狗摺疊購物袋",""
"EAN13","4711517235347","709250  大耳狗 雙層零錢包",""
"EAN13","4711517235330","709268  大耳狗 雙層化妝包",""
"EAN13","8411936735218","717950  百變糖豆吊飾系列-Care Bears",""
"EAN13","6971885890755","719725  Sanrio-冰棒水中遊戲機",""
"EAN13","4711385259483","723452  MMEA-005 小熊維尼櫻花萌粒",""
"EAN13","7290122512427","732617  義大利腦腐怪獸鑰匙圈",""
"EAN13","6971885890779","732659  Sanrio-霜淇淋水中遊戲機",""
"EAN13","4711436324191","741573  寶可夢花好月圓4入組",""
"EAN13","4711385259445","746720  MMEA-002 迪士尼貓狗軟糖-玩",""
"EAN13","4710022077329","753538  OPEN！元本山脆烤海苔-椒鹽口味","20260814_五六日_017"
"EAN13","7290122510843","768601  足球明星可動公仔盲包",""
"EAN13","8801104940146","778314  韓國Binggrae哈蜜瓜牛奶200ml",""
"EAN13","4710716334776","232050 Airwaves口香糖-極酷薄荷（袋）",""
"EAN13","4714686201618","382888 Airwaves口香糖-微冰藍莓（袋）",""
"EAN13","8993175551632","406600 Nabati 起司威化餅",""
"EAN13","4710716334325","452018 Airwaves口香糖-冰釀葡萄（袋）",""
"EAN13","4718201214817","544784 Airwaves口香糖-紫冰野莓（袋）",""
"EAN13","4718201216095","579676 Airwaves口香糖-可樂（袋）",""
"EAN13","4711517234784","651828  Sanrio 系列摺疊購物袋",""
"EAN13","4711517234685","662689  三麗鷗達摩立體吊飾",""
"EAN13","4711517234876","681063  Sanrio 系列票卡夾",""
"EAN13","4711517234968","689865  Sanrio 系列絨布零錢包",""
"EAN13","4550624279802","715175  盲盒造型吊鍊-酷洛米-鑰匙",""
"EAN13","4550624144391","725846  盲盒壓克力吊鍊-三麗鷗時尚換裝",""
"EAN13","6978800030104","733624 三麗鷗守護喵喵團趴趴萌趣豆",""
"EAN13","5000159559348","801201 特趣焦糖餅乾巧克力",""
"EAN13","4718201210826","859491 Airwaves口香糖-冷萃咖啡（袋）",""
"UPCA","022000035011","436605 Airwaves口香糖-超涼薄荷（袋）",""
"UPCA","022000005694","460019 Airwaves口香糖-蜂蜜檸檬（袋）",""
"EAN8","26533605","653360  OPEN！一飛沖天宇宙飛行器","20260814_五六日_045"
"EAN13","4901777368033","762299 20）三得利微醉雞尾酒-白桃洋梨",""
"EAN13","3415584302193","464733 哈根達斯蘭姆葡萄冰淇淋",""
"EAN13","3415584307198","765498 哈根達斯提拉米蘇迷你杯",""
"EAN13","3415584312192","765504 哈根達斯巧克力布朗尼迷你杯",""
"EAN13","3415584313199","765492 哈根達斯草莓麻糬冰淇淋迷你杯",""
"EAN13","3415587455193","765474 哈根達比利時黑巧克力雪糕",""
"EAN13","4710104027105","410207 1串-舒敏厚棒抽衛6包",""
"EAN13","4710114817529","568585 1串-舒潔三層抽取衛生紙6包",""
"EAN13","4713469433628","530885 DUSKIN水垢清潔劑",""
"EAN13","4713575037093","361482 我的健康日記蜂王膠原飲",""
"EAN13","4713575142612","677811 我的健康日記燕窩精萃膠原飲",""
"EAN13","4713575142643","671812 1串-UD新柔感3層抽取式衛生紙",""
"EAN13","4903111172139","790764 蘇菲瞬吸加長護墊無香17.5cm 28片",""
"EAN13","4903111379316","404824 蘇菲超輕柔護墊花香-40片",""
"EAN13","8801382703501","470168 韓國熊津紅蔘飲8入組",""
"EAN13","8801382703785","316056 韓國熊津不添加糖紅蔘飲8入組",""
"EAN13","4710332290357","540571 杜蕾斯輕薄幻隱潤滑裝衛生套3入",""
"EAN13","5010232968967","475305 杜蕾斯活力裝衛生套3入",""
"EAN13","4711438371513","762862 OPEN! x Sanrio 牛奶風味杏仁糖","20260814_五六日_016"
"EAN13","8000500126356","333228 健達奇趣蛋三入裝（藍色版）",""
"EAN13","8000500126325","333224 健達奇趣蛋三入裝（粉色版）",""
"EAN13","4902750794016","746764 味覺糖生巧克力風味軟糖",""
"EAN13","4901351026311","714341 日本甘樂鮮果實軟糖-西洋梨口味",""
"EAN13","4711160004277","651322 保力達牛奶錠",""
"EAN13","8000500454091","666107 健達繽紛樂（黑）",""
"EAN13","8000500224281","910229 Nutella B-ready能多益可可棒",""
"EAN13","8801062885428","717619 韓國可樂風味酸軟糖",""
"EAN13","8000500126936","374137 金莎小心意禮盒",""
"EAN13","4902777006314","431098 明治Galbo牛奶巧酥可可球",""
"EAN13","9556001316530","691717 KitKat美祿巧克力脆威化",""
"EAN13","4770123215723","687189 露特草莓黑巧克力（隨手包）",""
"EAN13","5900951311697","132600 士力架花生巧克力",""
"EAN13","4902777090603","797663 明治黑可可製品片裝",""
"EAN13","8000500133170","332158 金莎8粒裝精緻禮盒",""
"EAN13","4902777321158","602498 明治夏威夷豆可可粒（盒裝）",""
"EAN13","4713530720961","726160 明治CACA095%黑巧克力（條裝）",""
"EAN13","4713139018667","669021 貝禮詩金奢奶酒風味夾心巧克力瓶",""
"UPCA","022000285942","742775 彩虹軟糖混合水果口味164.4g",""
"UPCA","009800800056","366127 能多益隨手杯",""
"EAN8","49811353","612492 森永彈珠汽水風味糖錠罐裝",""
"EAN8","80177609","259341 健達巧克力含牛奶內餡（4入）",""
"EAN8","80050094","127385 健達倍多",""
"EAN8","80927181","396262 費列羅臻品甜點3粒裝",""
"EAN8","80135906","326799 金莎5粒裝",""
"EAN13","4902750670341","675027 味覺糖QQ軟糖綜合水果風味","20260814_五六日_013"
"EAN13","4902705031081","510868明治超級杯冰淇淋-抹茶",""
"EAN13","4902705030985","510842 明治超級杯冰淇淋-香草",""
"EAN13","4710094102806","350768 白蘭茶樹除菌洗衣精補充包",""
"EAN13","4711035452912","498873 SN星宇1999風扇福袋-白",""
"EAN13","4711035452929","498874 SN星宇1999風扇福袋-藍",""
"EAN13","4711035452936","498872 SN星宇1999風扇福袋-黑",""
"EAN13","4711526213374","498829 SN星宇499托特包福袋-春夏",""
"EAN13","4711526213381","498832 SN星宇499托特包福袋-秋冬",""
"EAN13","4711526214333","498836 SN星宇499托特包福袋-歐拉",""
"EAN13","4711526215316","498837 星宇2WAY包799福袋-黑色",""
"EAN13","4711526215361","498843 星宇2WAY包799福袋-米色",""
"EAN13","4711526215378","498848 星宇2WAY包799福袋-歐拉",""
"EAN13","4711526215385","498849 SN星宇999拖輪包福袋-黑色",""
"EAN13","4711526215392","498852 SN星宇999拖輪包福袋-米色",""
"EAN13","4711526215415","498856 SN星宇999扭蛋機福袋-黑色",""
"EAN13","4711526216924","498857 SN星宇999扭蛋機福袋-深棕",""
"EAN13","4711526218249","498858 SN星宇999涼被枕福袋-春夏",""
"EAN13","4711526218263","498859 SN星宇999涼被枕福袋-秋冬",""
"EAN13","4711526218300","498860 SN星宇999涼被枕福袋-歐拉",""
"EAN13","4711658839695","498885 —禁止預結—史努比迴力復古飛機盲盒",""
"EAN8","24977647","497764 進貨用711Day隨取卡2026",""
"UPCA","694396928408","498866 SN星宇1699行李箱福袋-白",""
"UPCA","694396928415","498865 SN星宇1699行李箱福袋-黑",""
"UPCA","694396928446","498868 SN星宇1699行李箱福袋-藍",""
"EAN13","4710114817505","581481 舒潔三層抽取衛生紙90抽",""
"EAN13","3182611231008","398901 法國玫翠思植物皂-薰衣草",""
"EAN13","3182611231015","398892 法國玫翠思馬賽皂-經典橄欖",""
"EAN13","3182611238076","398923 法國玫翠思植物皂-檸檬馬鞭草",""
"EAN13","4710063338915","355308 貝納頌義式特濃拿鐵",""
"EAN13","4710088472038","996810 UNIF coconut 100%椰子水","20260814_五六日_007"
"EAN13","4713317064011","351123 優品防蚊液80ml",""
"EAN13","6939248100965","718409 鮮脆草莓乾",""
"EAN13","4710063339226","687208 貝納頌海鹽焦糖拿鐵",""
"EAN13","4009900505628","687026 彩虹糖熱帶水果口味",""
"EAN8","47112834","931883養樂多300LIGHT",""
"EAN13","4710250201978","803626 杜老爺曠世奇派巧克力大雪糕",""
"EAN13","4710250202968","630922 杜老爺曠世奇派提拉米蘇雪糕","20260814_五六日_002"
"EAN13","4718000304009","760601 金色三麥喝SUNMAI啤酒",""
"EAN13","4710036608069","489391 靠得住軟Q棉23cm 11片",""
"EAN13","4710036610963","412182 靠得住完美封漏長夜抑菌35cm8片",""
"EAN13","4710018152849","301456 原萃日式綠茶PET580（四入）","20260730_多入_001"
"EAN13","4710098909227","742767 77香菜花生捲冰淇淋風味乳加",""
"EAN13","4710154412869","713949 FIN補給飲料PET580（4入）","20260730_多入_008"
"EAN13","4710543024222","569426 樂事輕雪鹽口味糖醋風味醬49元",""
"EAN13","4901004066091","767525 Asahi Super Dry極泡罐485ml",""
"EAN13","4901777450356","780629 三得利頂級愛爾夏風吹拂啤酒",""
"EAN13","4904230073864","772202 Asahi未來檸檬-原味檸檬345ml",""
"EAN13","4904230073888","772300 Asahi未來檸檬-清爽檸檬345ml",""
"EAN13","4936790540128","772257 日本Kaju-Hi蘋果口味調酒",""
"EAN13","4936790540142","772250 日本Kaju-Hi紅葡萄柚口味調酒",""
"EAN13","7622202037597","767213 HallsXS無糖迷你風味糖沁涼可樂",""
"EAN13","8809613593457","772279 韓國蜜桃冰沙Highball調酒",""
"EAN13","8809613593464","772261 韓國檸檬冰沙Highball調酒",""
"EAN13","8850338027154","682728 HallsXS無糖薄荷風味糖繽紛水果",""
"EAN8","24994361","499436 冰咖啡珍珠歐蕾（大）",""
"EAN8","26452432","645243 特選美式冰咖啡（大）",""
"EAN8","26452807","645280 特選拿鐵冰咖啡（大）",""
"EAN8","26814315","681431 冰淇淋紅茶",""
"EAN8","27421338","742133 冰黃金蕎麥茶",""
"EAN13","4713012883603","770128 臺虎精釀南島冰茶調酒500ml","20260814_五六日_026"
"EAN13","4710018084744","322970 可口可樂PET600（四入）","20260730_多入_011"
"EAN13","4710018183942","487506 原萃綠茶-玉露 580ml（四入）","20260730_多入_002"
"EAN13","4710085112111","400558 伯朗咖啡 CAN240（六入）","20260730_多入_014"
"EAN13","4710085120147","401083 伯朗咖啡藍山風味 CAN240（六入）","20260730_多入_015"
"EAN13","4710095937018","312833 泰山仙草蜜Can330（六入）","20260730_多入_017"
"EAN13","4710095987419","312837 泰山八寶粥 Can375（六入）","20260730_多入_018"
"EAN13","4710105333410","588165 午后時光-重乳奶茶 TP330（6入）","20260730_多入_006"
"EAN13","4710105562728","588172 冷泡茶-無糖冰釀烏龍 PET585（4入）","20260730_多入_005"
"EAN13","4710154412142","869999 黑松沙士 PET600（四入）","20260730_多入_012"
"EAN13","4710171021259","542481 波蜜果菜汁 TP330（六入）","20260730_多入_019"
"EAN13","4710421060144","400969 每朝健康綠茶 PET650（四入）","20260730_多入_007"
"EAN13","4710421072529","862297 御茶園台灣四季春 PET590（四入）","20260730_多入_004"
"EAN13","4710421072833","411940 舒跑S 補給飲料 PET590（四入）","20260730_多入_010"
"EAN13","4710421090134","301008 舒跑運動飲料 PET590（四入）","20260730_多入_009"
"EAN13","4710626159506","393709 愛之味油切分解茶 PET590（四入）","20260730_多入_003"
"EAN13","4710626521761","312728 愛之味牛奶花生Can340（六入）","20260730_多入_016"
"EAN13","4711517235934","736468 泡芙束口手提袋 酷洛米",""
"EAN13","4711517235958","736473 泡芙摺疊單肩包 凱蒂",""
"EAN13","4711517236009","744642 2 in 1 手工編織手提袋大耳狗",""
"EAN13","4711517236023","744629 Sanrio曬娃 雙層零錢包凱蒂",""
"EAN13","4711517236054","744572 Sanrio曬娃 斜背手機包凱蒂",""
"UPCE","04010508","374615 士力架杏仁巧克力",""
"EAN13","4710088412201","119753 (A)滿漢大餐蔥燒牛肉麵",""
"EAN13","4710088410351","119795 (選)統一麵肉骨茶風味(包)",""
"EAN13","4710088410368","119805 統一麵肉骨茶風味(碗)",""
"EAN13","4710088410436","126533 統一調合米粉肉燥風味(碗)",""
"EAN13","4710088411570","126601 來一客杯麵京燉肉骨風味",""
"EAN13","4710088411600","126957 來一客杯麵牛肉蔬菜風味",""
"EAN13","4710088411594","126960 (A)來一客杯麵鮮蝦魚板風味",""
"EAN13","4710110211475","129390 味味A排骨雞湯麵(包)",""
"EAN13","4710110221511","129400 味味A排骨雞湯麵(碗)",""
"EAN13","4710199010372","148845 (A)維力炸醬麵(碗)",""
"EAN13","4710199010174","148858 維力炸醬麵(包)",""
"EAN13","4710088412966","151252 (A)阿Q桶麵紅椒牛肉風味",""
"EAN13","4710088413611","181992 阿Q桶麵生猛海鮮風味",""
"EAN13","4710199011874","219925 (A)一度贊爌肉麵",""
"EAN13","4710199013298","254977 (A)一度贊紅燒牛肉麵",""
"EAN13","4710110241076","301433 味味一品原汁珍味爌肉麵",""
"EAN13","4710088412973","306544 阿Q桶麵雞汁排骨風味",""
"EAN13","4710088410191","307561 (A)科學麵原味",""
"EAN13","4710110241014","308698 味味一品原味牛肉麵碗",""
"EAN13","4710088414243","335322 阿Q桶麵韓式泡菜風味",""
"EAN13","4710110238441","336687 味味A炒泡麵爆香三杯風味",""
"EAN13","4710088412089","338749 (A)滿漢大餐麻辣鍋牛肉麵",""
"EAN13","4710110231619","339843 味味一品極品紅燒牛肉麵",""
"EAN13","4710088411983","346960 來一客杯麵韓式泡菜風味",""
"EAN13","4710088412553","356079 科學麵原味Mini20合1",""
"EAN13","4710088412119","375159 大補帖麻油雞風味細麵",""
"EAN13","4710088832146","375935 科學麵香辣(五合一)袋",""
"EAN13","4710110225670","384159 味味A冬菜鴨肉湯粉絲",""
"EAN13","4710110230018","384766 雙響泡火山岩燒豚骨湯麵",""
"EAN13","4710199014110","385999 (A)維力炸醬麵重量碗",""
"EAN13","4710088832153","389450 滿漢大餐 Gold熗牛肉麵碗",""
"EAN13","4710088832160","389528 滿漢大餐 Gold金牛肉麵碗",""
"EAN13","4710088410627","399887 統一脆麵五合一袋",""
"EAN13","4710088410795","400817 統一麵肉骨茶風味(袋)5入裝",""
"EAN13","4710088410382","400833 統一麵蔥燒牛肉風味(袋)5入裝",""
"EAN13","4710088410610","436760 科學麵原味五合一袋",""
"EAN13","4710110510523","442332 味味A排骨雞湯麵袋5入裝",""
"EAN13","4710199030479","463622 大乾麵紅油擔擔風味(桶)",""
"EAN13","4710199037591","463666 大乾麵地獄辣椒風味(桶)",""
"EAN13","4710088410139","497510 統一麵肉燥風味(袋)5入裝",""
"EAN13","4710199115053","513641 一度贊蒜味豚骨麵",""
"EAN13","4710199077849","522061 台酒紅標米酒麻油雞麵",""
"EAN13","4710199104507","522605 (A)台酒花雕雞麵",""
"EAN13","4710088410207","539448 統一麵鮮蝦風味(5入裝)",""
"EAN13","4710199111680","564551 素飄香野菜多風味麵",""
"EAN13","4710199111703","564626 素飄香麻辣燙風味麵",""
"EAN13","8801073210776","569388 三養火辣雞肉風味鐵板炒麵杯裝",""
"EAN13","8801073211667","569528 三養火辣雞肉風味鐵板炒麵奶油醬",""
"EAN13","4710088832382","572632 來一客杯麵辛辣香菇風味",""
"EAN13","4710088412249","598136 滿漢大餐蔥燒豬肉麵",""
"EAN13","4710088411617","628310 來一客杯麵川辣牛肉風味",""
"EAN13","4710088831644","630180 (區)科學麵香蔥雞汁風味五合一袋",""
"EAN13","4710088830661","659703 阿Q桶麵蒜香珍肉風味麵",""
"EAN13","9555849000519","913346 (素)大瑪酸辣粉",""
"EAN13","4710199113622","924888 一度贊剝皮辣椒雞肉麵",""
"EAN13","4710088410337","528614 科學麵香蔥雞汁袋",""
"UPCA","031146270606","921042  韓國農心辛香菇杯麵",""
"EAN13","4710088832504","758799 大補帖煸薑麻油雞細麵",""
"EAN13","4976994207205","790454 哈根達斯日本焦糖開心果冰淇淋",""
"EAN13","4953823901534","686034 LOTTE 爽冰淇淋-極凍鳳梨口味",""
"EAN13","4710250202210","802314 杜老爺藍莓優格雪糕",""
"EAN13","4710250210970","802254 杜老爺草莓蘋果優格雪糕",""
"EAN13","6940188805483","788992（量）甘源蟹黃瓜子仁",""
"EAN13","6940188805469","789008（量）甘源蒜香青豌豆",""
"EAN13","4712466026871","788947（量）Kid-O三明治奶油口味（大",""
"EAN13","8850332251111","729146 泰國IMPERIAL丹麥奶油風味餅乾",""
"EAN13","8858752607099","729201 泰國TMP沾醬海苔（原味）",""
"EAN13","8994834004469","616549 印尼韓式小雞麵-香辣風味",""
"EAN13","4712508200207","560365（量）美雅輕脆超薄牛舌餅-蜂蜜",""
"EAN13","4711392801538","655859（W實）土地公綜合花生糖150g",""
"EAN13","4713909156827","599467（W實）土地公綜合麻糬(150g)",""
"EAN13","4996827002616","746740 日本極上日式牛排風味薯條",""
"EAN13","4996827002623","746737 日本經典薯條奶油風味",""
"EAN13","4996827002630","746747 日本六重濃厚起司風味薯條",""
"EAN13","4901360353699","550209Bourbon蘭姆葡萄夾心餅乾",""
"EAN13","4806541260202","774505 G）菲律賓Snapea豌豆脆片（原味）",""
"EAN13","8859647600478","774526 G）泰國PrinzeSNACK韭菜脆片辣味",""
"EAN8","45989490","763641 LOTTE酷立吸冰淇淋-可爾必思白桃",""
"EAN8","27802441","780244 酷聖石巧克豆豆冰銅燒",""
"EAN8","45217388","792058 LOTTE雪見大福冰淇淋-巧克力脆脆",""
"EAN13","4710088411587","895389 來一客杯麵肉燥菠菜風味",""
"EAN13","4710007682623","775007（實）UG三窨十五茉蛋捲單支",""
"EAN13","4711595600020","606012（W店）棠品居蛋捲禮盒1盒",""
"EAN13","4712899264666","694098 @DINOTAENG存錢筒禮盒",""
"EAN13","4713837033269","733012 統一生機活力點心包（隨手包）",""
"EAN13","4713050211161","796127（實）娜娜地瓜片-經典原味",""
"EAN13","4713050230315","796116（實）地瓜娜娜-鬼椒檸檬",""
"EAN13","4711508260600","778196（區）春上布丁蛋糕牛乳醬心蛋捲",""
"EAN13","4710469915789","698903 @RODY利馬有錢爆你發財禮盒",""
"EAN13","4712947684811","492119 @青鳥旅行綜合經典蛋捲 16入",""
"EAN13","4710475010010","725961（選）芝麻香油",""
"EAN13","4717044280041","739313（實）龍宏海鮮干貝醬",""
"EAN13","4710174125138","664978 盛香珍完熟芒果鮮果凍",""
"EAN13","8710428022455","388328 亞培安素菁選原味HMB",""
"EAN13","4710098906745","403316 77乳加濃巧酥",""
"EAN13","4710088639790","031356 純喫茶綠茶650ml(盒)",""
"EAN13","4710088639783","031369 純喫茶紅茶650ml(盒)",""
"EAN13","4710088822406","036241 瑞穗巧克力牛奶290ml",""
"EAN13","4711588210403","139186 台灣啤酒600cc瓶.",""
"EAN13","4710088640987","143219 *純喫茶檸檬紅茶650ml(盒)",""
"EAN13","4710088641212","144252 純喫茶無糖綠茶650ml(盒)",""
"EAN13","4710088433305","158796 純喫茶紅茶481ml(盒)",""
"EAN8","87108026","271789 曼陀珠綜合水果口味糖果",""
"EAN13","4710783055093","300387 (區)十全葡萄醋140ml",""
"EAN13","4710088822949","314532 LP33 益敏優多 170ml",""
"EAN8","50426812","319775 雀巢黑嘉麗軟糖-綜合水果",""
"EAN13","4711250160050","323145 叮寧小黑蚊防蚊液25ml-隨身瓶",""
"EAN13","4549660963882","351892 蠟筆小新超真實家家酒入浴劑",""
"EAN13","5038483998755","362852 杜蕾斯超薄裝衛生套-更薄型3入",""
"EAN13","8809301760420","363389 G)韓國Ariul淨膚保濕潔面乳80ml",""
"EAN13","4549660963943","363883 寶可夢朱紫入浴球Ⅱ(限量)",""
"EAN13","4535304300106","363926 趣味調色盤入浴錠(彩虹)",""
"EAN13","4710088823199","366246 統一西瓜牛乳 400ml(盒)",""
"EAN13","4713575135409","370788 利捷維有酵金盞花葉黃素凍2入",""
"EAN13","4710783055062","379042 (區)十全青梅醋140ml",""
"EAN13","4549660526001","404476 超人力霸王入浴球【】",""
"EAN13","4713051715491","406068 (肖)三麗鷗贴紙補充包-玩具","20260814_五六日_042"
"EAN13","4710088823106","417613 輕鬆小品咖啡牛奶 400ml",""
"EAN13","4549660894322","444691 超人力霸王入浴球",""
"EAN13","4902397812586","444952 西莎蒸鮮包-成犬低脂雞肉與蔬菜",""
"EAN13","8992741904315","450650 呦皮QQ糖(随機四款)",""
"I24","24682800","468280 ★丹麥起司火腿",""
"EAN13","4549660963905","470248 皮克敏入浴球Vol.1",""
"EAN13","4535304709442","478892 御飯糰造型入浴球",""
"EAN13","4535304699620","478981 汪汪隊立大功入浴球",""
"EAN13","4710088470485","480028 純喫茶鮮柚綠茶650ml(盒)",""
"EAN13","8803348051589","509589 G)韓國FRUDIA唇手聖誕限量禮盒",""
"EAN13","4710117605499","513068 永備碳鋅電池3號6+2入超值包",""
"EAN13","4711934575538","514825 (銷)Tiger虎牌啤酒485ml罐4入組",""
"EAN13","8850163138230","518608 杜蕾斯飆風碼衛生套3入",""
"EAN13","4710088473202","522217 純喫茶香橙綠茶650ml(盒)",""
"I24","25225181","522518 ★統一麵包丹麥菠蘿可頌",""
"EAN13","4902777015927","531487 明治牛奶巧克力(片装)",""
"EAN13","4711588001537","536032 (銷)金牌ONE台灣啤酒330罐6入組",""
"EAN13","8936094291272","536216 百威金尊啤酒can330",""
"EAN13","4713051716214","536793 (肖玩)人魚漢頓贴紙160入補充包",""
"EAN13","4710088433282","540803 純喫茶檸檬紅茶481ml(盒)",""
"EAN13","4711588311025","540913 (A)*金牌台灣啤酒600cc瓶",""
"EAN13","8936094291388","545206 雪山啤酒can500",""
"EAN13","4710168708279","554826 好來超氟強化珐瑯質牙膏175g",""
"EAN8","25581621","558162 Homeal x 壹番屋 奶油咖哩雞肉飯",""
"EAN13","4710085230471","558630 噶瑪蘭珍選單一麥芽威士忌 No.1",""
"EAN13","5900020029348","561574 雀巢美祿穀物棒",""
"EAN13","4976750524218","575432 北海道函館直送3.7牛乳1000ml",""
"EAN13","4710006290140","583782 HARU大麻熱浪迷情潤滑液15ml",""
"EAN8","49770308","588236 明治 Poifull 軟糖綜合水果",""
"EAN13","4710088823014","588344 多多活菌發酵乳原味減糖370ml",""
"I24","25895896","589589 (吊)21Plus蒜香鹽酥雞",""
"EAN13","4985011711960","599702 G)日本7PREMIUM水蜜桃風味沙瓦",""
"EAN8","26033587","603358 Homeal x貳樓雙起司肉醬義大利麵",""
"EAN13","4570117994401","603521 寶可夢GO!電屬性入浴球",""
"EAN13","4549660871859","604304 三麗鷗家族陪我篇入浴球",""
"EAN13","8801043013338","610761 農心安城杯麵","20260814_五六日_010"
"EAN13","4710088434050","631866 純喫茶無糖綠茶 481ml(盒)",""
"EAN8","26468853","646885 Homeal 日式炸雞排親子丼",""
"EAN13","4711250530259","649911 叮寧香茅防蚊液25ml",""
"EAN8","26539782","653978 Homeal 泰式綠咖哩雞肉飯",""
"I35","26685229","668522 帕泰家-泰式辣炒雞肉拌飯",""
"EAN13","4570117994432","669691 寶可夢GO!一般屬性入浴球",""
"I24","26739809","673980 貝洛邦雙重起司德腸",""
"EAN13","4711588210489","675915 (銷)台灣啤酒330ml罐6入",""
"EAN13","4710088473417","676182 茶裏王半熟金萱PET600",""
"EAN13","4711588343064","676334 (銷)金牌台灣啤酒330ml罐6入",""
"EAN13","9348622002004","679506 Pure Source 澳洲進口牛乳 1000ML",""
"I24","26897639","689763 ★晨光GOLD巧克力生土司",""
"EAN13","5060573549752","706203 (預)FUGGLER 牙齒怪-貓咪球球",""
"EAN8","27086629","708662 OPEN!柿柿如意公仔","20260814_五六日_037"
"I24","27141779","714177 阿桐阿寶四神湯",""
"I24","27159088","715908 提拉米蘇QQ蛋糕捲",""
"EAN13","4570118118806","733192 寶可夢星降夜晚篇入浴球(限量)",""
"EAN13","4710015113089","733664 (7L)乖乖玉米脆條-香濃巧克力52g",""
"EAN13","4710036406030","742305 好奇迷你純水濕巾8抽X4包",""
"EAN8","27425596","742559 地瓜燒",""
"I24","27505335","750533 晶英酒店奶凍蜜瓜包",""
"EAN13","8410707010097","756405 G)西班牙茱兒蘋果汁 200ml",""
"EAN13","4718009096783","757968 花芊金門一條根貼布10片(媽祖款)",""
"EAN8","27580264","758026 衣索比亞-精品小冰美",""
"I24","27591970","759197 藍莓丹麥",""
"EAN8","27624401","762440 115七夕四方型椎小熊花束",""
"EAN13","5020628001260","772179 20)英國泰翠絲金黃蘋果酒",""
"EAN13","8809624621088","772212 20)韓國抹茶風味Highball調酒",""
"EAN13","4901411148588","777969 20)KIRIN冰結調酒-哈密瓜",""
"EAN13","4710088824868","778125 AB+益菌優酪乳(無加糖)PE260ml",""
"EAN13","4710088473646","778151 純喫茶青檸綠茶650ml(盒)",""
"I24","27782644","778264 吳寶春-芋泥金沙麵包",""
"EAN13","4901777409804","780517 20)三得利-196無糖4%橘子檸檬",""
"EAN13","8936061260263","780785 2O)SAPPORO150周年紀念頂級啤酒",""
"EAN8","27811160","781116 黃金蛋形象頭卡",""
"EAN13","4713012882026","781503 20)臺虎水果大亂鬥啤酒",""
"I24","27824306","782430 韓國延世大學原味生乳包105g",""
"EAN8","47112506","783763 易口舒無糖薄荷錠沁涼薄荷",""
"EAN8","47112513","783776 易口舒無糖薄荷錠勁爽薄荷",""
"EAN13","8850388541556","785359 (量)統一生機Cocodee椰子水1L",""
"EAN13","4942568230054","786720 日本NIJIYA山形西洋梨調酒",""
"EAN13","8801117667405","789001 (量)好麗友烏龜脆片-洋釀炸雞",""
"EAN13","4570118005304","789014 寶可夢GO!水屬性入浴球(限量)",""
"EAN13","4570118005342","789115 寶可夢GO！超能力屬性入浴球",""
"EAN13","4570118005359","789124 寶可夢GO!岩石屬性入浴球(限量)",""
"I24","27909713","790971 美福-肉鬆鹹蛋黃捲餡土司",""
"I24","27914854","791485 乖乖-香濃巧克力雷仔捲",""
"I24","27936511","793651 晶英酒店糖霜檸檬蛋糕棒",""
"EAN13","4902397847267","793832 西莎真饌燉肉野菜牛口味","20260814_五六日_035"
"EAN13","4902397852988","793920 西莎真饌燉肉野菜嫩雞口味","20260814_五六日_036"
"EAN13","4901411152622","794272 20)KIRIN冰結調酒-無糖萊姆500ml",""
"EAN13","4901411142562","794298 20)KIRIN冰結調酒-氣泡芒果350ml",""
"I35","27960639","796063 (盒)上口美食清蒸筍香肉圓",""
"I35","27965801","796580 21Plus雙色地瓜",""
"I24","27966969","796696 (區)肉鬆鹹蛋糕",""
"EAN13","4710174126852","797901 (量)盛香珍開心果夾心曲奇",""
"EAN13","4711588017286","802382 (贈)台啤迷你錄音機鑰匙圈",""
"EAN13","8886467130038","802667 (8L)品客焦糖奶油口味洋芋片",""
"I24","28041443","804144 圓山-寶山黑糖手撕包",""
"EAN13","4718487802975","804850 別蚊我勁涼草本驅蚊噴霧",""
"EAN13","4715082000058","805897 (量)太珍香蒜條子",""
"EAN13","4710088832535","806780 科學麵-岩烤海苔mini包",""
"EAN13","6942836724313","830331 好時巧酥可可風味片",""
"EAN13","4985011710116","948777 G)日本7PREMIUM柑橘風味沙瓦酒飲",""
"EAN13","4901777448735","780501 三得利-196奇異果葡萄柚",""
"EAN13","9555163310660","583791 HARU含春熱愛輕薄型衛生套4入",""
"EAN13","4718005881512","476771	(串)星太郎點心麵-小雞汁四連包",""
"EAN13","4713145011300","793603	(串)造型餅乾四連包-吉伊卡哇",""
"I24","23999596","399959  統一麵包海鹽羅宋",""
"EAN8","26325156","632515	珍食8折/65折貼標",""
"EAN13","4713012883627","777958 20）臺虎精釀餞男醋女調酒",""
"EAN13","4713575142469","613385 美麗日記活能抗老保濕面膜2入",""
"EAN13","4713575132736","992555 美麗日記積雪草超能修護面膜2入",""
"EAN13","8000500121436","127725健達繽紛樂White（白）",""
"EAN13","4891259524128","173315 金頂鹼性 4 號電池 4+2入",""
"EAN8","23823426","23823426 柳橙糖液",""
"UPCA","074570002009","267096 哈根達斯香草迷你杯",""
"UPCA","074570012008","267106 哈根達斯巧克力迷你杯",""
"EAN8","19305929","305925 熱狗竹籤",""
"EAN13","4710144201206","310076 旺旺仙貝家庭號",""
"EAN13","4902720076951","333525 森永乳業pino一口巧克力冰淇淋",""
"EAN13","4710088832092","362233	(串)科學麵小心點兒原味五連包",""
"EAN13","3415581306194","398860 哈根達斯仲夏野莓迷你杯",""
"EAN13","4903032242362","400328 大雷神巧克力餅乾",""
"EAN13","4713653606937","431220冠億紅豆",""
"I24","24385435","438543  統一麵包奶香葡萄",""
"EAN13","3415586949181","502311 哈根達斯巧克力脆杏仁雪糕",""
"I24","25071986","507198  晨光嚴選土司",""
"EAN13","4901360314225","5524767PREMIUM白巧克力力奶油餅乾",""
"EAN8","28025979","802597 預-茄芷保冷袋",""
"","00000000000000","856874	TPE拋棄式手套(寬13cm)",""
"","00000000000000","856878	TPE拋棄式手套(寬12.3cm)",""
"","00000000000000","835383	珍食優惠貼紙(65折)",""
"EAN8","25476668","547666	鋼製櫃台抽屜滑輪(五金)",""
"","00000000000000","405017	(串)SF蠟筆小新玉米餅四連包",""
"EAN13","4710176044260","582325	(串)蠟筆小新三色蔬菜餅四連",""
"","00000000000000","697847	法國普羅旺斯PJ香水-甜蜜愛戀",""
"","00000000000000","577677	雪肌粹完美防曬乳",""
"","00000000000000","577672	雪肌粹完美防曬凝膠",""
"","00000000000000","393116	雪肌粹淨白化妝水M",""
"","00000000000000","393120	雪肌粹淨白乳液M",""
"","00000000000000","393130	雪肌粹潔淨卸妝油",""
"","00000000000000","577820	雪肌粹潔淨洗面乳(大)",""
"","00000000000000","551558	雪肌粹淨白洗面乳",""
"","00000000000000","537590	雪肌粹淨白美肌霜",""
"","00000000000000","560295	雪肌粹淨白美肌BB霜02(自然肌)",""
"","00000000000000","393121	雪肌粹淨白美肌凝凍M",""
"","00000000000000","393115	雪肌粹輕旅行淨白保養組",""
"","00000000000000","760276	雪肌粹日用完美防曬精華",""
"","00000000000000","519211	美國小樹香片-煥然衣新",""
"","00000000000000","609851	西班牙SUAVINA護唇膏-經典",""
"","00000000000000","703872	韓國MF乳木果護手霜",""
"","00000000000000","706506	美國LIPSMACKER護唇膏-熊",""
"","00000000000000","706507	美國LIPSMACKER護唇膏-大眼怪",""
"","00000000000000","789758	曬傷Kitty飲料袋雙倍可愛盲盒",""
"","00000000000000","789751	曬傷Kitty超輕傘-夏日款(淺色)",""
"","00000000000000","776347	得意廚房紙巾70抽入(單捲)",""
"","00000000000000","406547	(1串)得意廚房紙巾70抽(6捲入)",""
"EAN13","4713575142636","664044	UNIDESIGN新柔感3層抽衛(包)",""
"","00000000000000","739394	舒潔小熊印花抽取面紙100抽",""
"","00000000000000","771825	雪肌粹淨白酵素洗顏粉",""
"","00000000000000","579050	電子票證架前架螺絲(內附4組)",""
"","00000000000000","579054	電子票證C型掛勾(2入)附價格牌白",""
"","00000000000000","579163	電子票證C型掛勾(2入)附價格牌咖",""
"","00000000000000","579167	電子票證上方價格飾條(背膠)",""
"","00000000000000","610007	門市自訂價格卡POP-A4四小張",""
"","00000000000000","519539	防燙隔熱紙板150個",""
"","00000000000000","353171	OPENNOW手機架",""
"","00000000000000","322205	Open將紙袋(特大)10個/束",""
"","00000000000000","319359	櫃檯小竹籃",""
"","00000000000000","501543	櫃檯區小桃太郎旗桿",""
"","00000000000000","505770	OPEN小將手搖扇(30入/束)",""
"","00000000000000","349798	不銹鋼杯-700ml",""
"","00000000000000","324797	36mm膠帶專用切割器",""
"","00000000000000","493859	POS收銀機色帶",""
"","00000000000000","196408	Motex標價機專用墨球",""
"","00000000000000","196547	CITYCAFE專用量杯",""
"EAN8","20881801","881807	CITYCAFE圍裙(M)",""
"","00000000000000","881742	citycafe裙L號(加長)",""
"","00000000000000","442219	新型募款箱",""
"","00000000000000","186683	紙袋盒",""
"EAN8","19211251","211257	硬幣計算整理盒",""
"","00000000000000","493697	Motex標價機",""
"","00000000000000","493707	Motex標價機紙卷",""
"","00000000000000","759986	咖啡機通用大中小刷子組(新)",""
"","00000000000000","778750	咖爺咖啡系統清洗藥球",""
"","00000000000000","778751	咖爺牛奶系統清洗藥錠",""
"","00000000000000","350127	昭惠醫用口罩(未滅菌)50入",""
"","00000000000000","537229	糖漿陳列盒",""
"","00000000000000","616616	廢筆電回收袋5入(透明袋)",""
"","00000000000000","609590	台新咖啡機加大藥錠+藥粉組",""
"","00000000000000","641807	珍珠微波容器",""
"EAN8","25316483","531648	塑膠收納杯架(注塑杯架)",""
"","00000000000000","370609	防盗掛扣(5個)",""
"","00000000000000","370607	防盜掛鎖(1個)",""
"","00000000000000","370666	三孔(有耳)圓型夾R840黑",""
"","00000000000000","370523	A411孔明信片內頁(10張)",""
"","00000000000000","360185	自動感應手指消毒機",""
"","00000000000000","504711	咖啡攪拌棒盒",""
"","00000000000000","533845	自助區陳列線架(紙碗架)",""
"","00000000000000","196482	消毒清潔用量水杯(3L)",""
"","00000000000000","537577	莊臣潔效600除油清潔劑(1加崙)",""
"","00000000000000","196385	上黏必蟑螂螂愛(滅蟑餌劑)",""
"EAN13","4712833280035","094687	瑞德蟑鄉凝膠餌劑",""
"","00000000000000","196288	蟑螂偵測屋(10入)",""
"EAN8","19288185","288187	國際牌微波爐燈泡",""
"","00000000000000","288190	國際牌微波爐上蓋板",""
"","00000000000000","291374	國際牌微波爐門內視窗",""
"","00000000000000","770900	冰品海島櫃隔板6入",""
"","00000000000000","726645	ES咖啡機清潔藥球(新包裝)",""
"","00000000000000","405238	小鋁梯(3尺高)",""
"","00000000000000","613137	愛惠浦前置濾芯(PF-101)溝槽式",""
"","00000000000000","484395	商用型手壓拖把布盤",""
"","00000000000000","487655	商用型手壓拖把架(含一布盤)",""
"","00000000000000","302283	業務用鮮乳空瓶回收袋(包/20人)",""
"","00000000000000","547004	飲料承重車剎車輪",""
"","00000000000000","302282	業務用其他空瓶回收袋(包/20入)",""
"","00000000000000","546993	飲料承重車下管",""
"","00000000000000","547130	飲料承重車車輪(無剎車)",""
"","00000000000000","547143	飲料承重車(整台)",""
"EAN8","20547158","547156	休閒.泡麵補貨承重車(整台)",""
"EAN8","20532895","532899	新型手壓拖把(布面-2入)",""
"","00000000000000","532925	新型手壓拖把(組)",""
"","00000000000000","882293	束繩(銀灰色)",""
"","00000000000000","881904	A4資料板夾",""
"","00000000000000","094713	休閒.泡麵補貨車輪子(無煞車)",""
"","00000000000000","094616	休閒.泡麵補貨車輪子(有煞車)",""
"","00000000000000","309835	拖把座(特大)",""
"","00000000000000","094836	細縫清潔棒",""
"","00000000000000","309851	畚斗",""
"EAN8","19149127","149121	地板刷頭",""
"","00000000000000","149150	地板刷柄",""
"EAN8","20094935","094933	細縫清潔棒更換套",""
"","00000000000000","095031	細縫清潔棒把手",""
"","00000000000000","003841	新式雨傘架",""
"EAN8","19121345","121347	急救箱",""
"EAN8","19120959","120951	大鋁梯(高6尺)",""
"","00000000000000","819227	可搖動式掛勾(含價格牌)",""
"","00000000000000","605450	天素地蔬綠色空白價格卡",""
"EAN8","27937853","793785	掛勾用價格牌10入(國採)",""
"","00000000000000","533992	缺貨價格卡(100入",""
"","00000000000000","662944	智FUN機專用(空白價格卡)",""
"","00000000000000","305048	OPEN小將壓克力A",""
"","00000000000000","527558	可調式價格卡",""
"","00000000000000","365075	彈簧掛勾",""
"","00000000000000","094409	88cm冰箱貼式平面飾條",""
"","00000000000000","094302	59cm冰箱貼式平面飾條",""
"EAN8","27310267","731026	易倒輔助板(寬版10入)",""
"","00000000000000","494038	文具架",""
"","00000000000000","797223	(3L4L)舒適三層刮鬍刀陳列架",""
"","00000000000000","537629	DHC壓克力陳列架(小",""
"","00000000000000","882303	防倒得力粘(1片",""
"","00000000000000","882206	掛勾(6入裝)",""
"EAN8","20794125","794123	杯湯新式壓克力架",""
"","00000000000000","494070	懷酒瓶陳列架(窄貨架)",""
"","00000000000000","421173	糖果底層陳列道具",""
"","00000000000000","094551	白繽紛樂壓克力插卡",""
"","00000000000000","882329	SN8636標價夾",""
"","00000000000000","304670	6cmT型隔板10入",""
"","00000000000000","315288	6CM右L隔板5入",""
"","00000000000000","672634	塑膠(對角煞車)補貨台車",""
"EAN8","26726946","672694	塑膠補貨台車-煞車輪",""
"","00000000000000","610005	門市自訂價格卡POP-A4全張",""
"","00000000000000","893742	寶特瓶回收袋-黃色25入",""
"","00000000000000","399764	水果墊布",""
"","00000000000000","660881	廚餘回收袋-本色30入",""
"","00000000000000","365949	資源回收筒-蓋子",""
"EAN8","20431747","431749	櫃台後自用垃圾桶蓋",""
"","00000000000000","196589	無煙灰缸垃圾桶-桶蓋",""
"","00000000000000","431613	櫃台後自用垃圾桶身",""
"EAN8","20431730","431736	無煙灰缸垃圾桶-桶身",""
"EAN8","20539085","539087	附TEFLON煙灰缸垃圾桶-筒蓋",""
"","00000000000000","882002	貨架POP夾",""
"EAN8","19260846","260840	POP鐵線夾",""
"","00000000000000","421199	POPT型插座(含咬齒)",""
"","00000000000000","421186	POPU型插座(含咬齒)",""
"","00000000000000","537470	桃太郎日式壁掛式(壁叉)",""
"","00000000000000","882167	緊急照明燈",""
"","00000000000000","196699	滅火器放置架名牌",""
"","00000000000000","196615	思樂冰機清潔專用刷",""
"","00000000000000","516812	新式鹽度計",""
"","00000000000000","553608	關東煮木框",""
"","00000000000000","972088	茶葉蛋玻璃鍋蓋",""
"","00000000000000","301737	不鏽鋼夾具",""
"","00000000000000","533968	拉麵架檔板",""
"","00000000000000","533955	兩分槽",""
"","00000000000000","533890	醬料盒(短型)",""
"","00000000000000","533939	刀叉盒",""
"","00000000000000","533926	塑膠底盤",""
"","00000000000000","534752	自助區陳列線架1(夾具架)",""
"EAN8","20534103","534105	自助區陳列架(紙袋架)",""
"","00000000000000","534024	自助區陳列線架(拉麵架)",""
"","00000000000000","288226	熱狗機掀板(HR30.HR31共用)",""
"","00000000000000","095154	熱狗機右邊紅圍板(面對熱狗機)",""
"EAN8","20095055","095057	熱狗機左邊紅圍板(面對熱狗機)",""
"","00000000000000","196327	HR-31熱狗機防塵蓋主體+掀板",""
"","00000000000000","196301	R20熱狗機防塵蓋",""
"","00000000000000","288239	HR30熱狗機防塵蓋",""
"","00000000000000","538099	熱狗機HR-20紅色圍板(小台)",""
"","00000000000000","261207	熱狗機HR30紅色圍板(大台)",""
"EAN8","20095253","095251	關東煮墊高架",""
"","00000000000000","094360	IH關東煮機專用鋼杯",""
"","00000000000000","003838	關東煮機專用小米血盒",""
"","00000000000000","094467	IH關東煮機專用鋼杯框",""
"","00000000000000","537674	關東煮防塵蓋卡榫",""
"","00000000000000","881739	關東煮調理杓(黑柄)",""
"","00000000000000","537661	關東煮透明PC防塵蓋",""
"EAN8","19295923","295925	關東煮機L板告知座",""
"EAN8","20882143","882141	關東煮隔板固定條",""
"","00000000000000","882219	IH關東煮機專用配件(組)",""
"EAN8","20537753","537755	舊式關東煮機專用不銹鋼外框",""
"","00000000000000","432724	舊式關東煮機專用內鍋底板",""
"","00000000000000","306706	預熱層告知卡",""
"","00000000000000","494478	新式紙巾盒",""
"","00000000000000","624560	吊掛架壓克力棚板",""
"EAN8","26245676","624567	吊掛架壓克力棚板專用掛勾",""
"","00000000000000","774454	吊掛架標價牌-16入(破損遺失用)",""
"","00000000000000","774940	斜角吊掛架單支2入-破損遺失用",""
"EAN8","27749531","774953	平式吊掛架/單支2入-破損遺失用",""
"","00000000000000","634051	冷凍陳列盒飾條(1入/組)-68公分",""
"","00000000000000","407503	圓形飯糰陳列架",""
"","00000000000000","637721	冷凍陳列盒(2入/組)",""
"","00000000000000","637730	冷凍陳列盒飾條(1入/組)-58公分",""
"","00000000000000","637734	冷凍陳列盒飾條(1入/組)-63公分",""
"","00000000000000","378420	雙溫層櫃-水果籐籃(2入)",""
"","00000000000000","003485	立式冰箱陳列籃(小)",""
"EAN8","19157696","157698	解凍箱",""
"","00000000000000","128742	冷藏棉衣L",""
"","00000000000000","882057	短S掛勾(Walk-in,用)4入",""
"","00000000000000","006077	沙拉醬包陳列盒4入",""
"","00000000000000","882154	長S掛勾(Walk-in用)4入",""
"","00000000000000","881496	博克Q肉丁壓克力陳列盒",""
"","00000000000000","711277	放大鏡片-含掛繩(3組)",""
"","00000000000000","702570	垃圾整理專用夾",""
"","00000000000000","591289	大人思樂冰陳列盒",""
"EAN8","25891980","589198	流行玩具陳列盒",""
"","00000000000000","488684	非24H茶葉蛋專用小水壺",""
"","00000000000000","398662	安全防護角墊",""
"","00000000000000","750715	CITYCAFE特選升级桃太郎旗",""
"EAN8","26660998","666099	CITYCAFE特選咖啡桃太郎旗",""
"","00000000000000","428331	桃太郎灌水式旗座(10L)",""
"","00000000000000","563055	茶BAR桃旗有料更好喝0318",""
"EAN8","25245202","524520	關東煮桃太郎旗",""
"","00000000000000","478428	雪淋霜桃太郎旗",""
"","00000000000000","416601	思樂冰桃太郎旗",""
"","00000000000000","525853	CITYPEARL珍珠奶茶桃太郎旗",""
"","00000000000000","465853	foodomo_桃太郎旗(外送版)",""
"","00000000000000","361925	精品咖啡花香升級橫布條",""
"","00000000000000","343382	OPENNOW紙袋(50入）",""
"EAN8","23450547","345054	開心市集購物提袋(50入)",""
"","00000000000000","359252	精品咖啡新形象外橫布條",""
"","00000000000000","951605	精品咖啡戶外主題海報",""
"EAN8","28985822","898582	結帳地貼-排隊停等線(長形)",""
"","00000000000000","898604	結帳地貼-排隊等候區(圓)",""
"","00000000000000","899323	結帳地貼-排隊指引線(箭頭)",""
"","00000000000000","496596	KAY-5消毒粉20入/包",""
"","00000000000000","874995	消毒專用噴槍",""
"","00000000000000","407520	現萃茶桃太郎旗(冬季)",""
"","00000000000000","386581	現萃茶夏季桃太郎旗",""
"","00000000000000","369023	壓克力牌架(2入)-多拿滋/聖娜用",""
"","00000000000000","348855	桃太郎旗座(12L)上蓋",""
"","00000000000000","302503	桃太郎旗橫桿",""
"","00000000000000","339172	人力招募桃太郎旗",""
"","00000000000000","353986	門市用餐區托盤",""
"","00000000000000","537357	桃太郎旗8时伸縮直式旗桿",""
"","00000000000000","196505	座位區壓克力告知",""
"","00000000000000","881687	open將汽球+球桿(100入)",""
"","00000000000000","538769	門市試吃道具-長方形托盤",""
"","00000000000000","538756	門市試吃道具客制化圓形展示托盤",""
"","00000000000000","538743	門市試吃道具PC耐摔材質透明罩",""
"","00000000000000","196343	外送提袋",""
"","00000000000000","315569	open將外帶手提紙盒",""
"","00000000000000","586028	L740商用脫水桶(單件)",""
"","00000000000000","365321	i珍食小側招",""
"","00000000000000","407473	循環杯門市櫥窗區A4海報",""
"","00000000000000","664170	愛)愛心飼料暖心捐贈小卡",""
"","00000000000000","469141	foodomo櫥窗靜貼",""
"EAN8","20045364","309030	有7-ELEVEN真好-型像靜貼",""
"","00000000000000","350361	環保限塑-櫥窗區A4POP",""
"","00000000000000","480947	防疫期間社交距離守則A3",""
"","00000000000000","373288	器具消毒安心公告靜貼",""
"","00000000000000","517102	茶葉蛋鍋蓋掀蓋告知靜貼",""
"","00000000000000","517995	茶葉蛋鍋蓋預煮中告知靜貼",""
"","00000000000000","373537	全店集點DM",""
"","00000000000000","463889	人事徵人POP(open)",""
"","00000000000000","989543	外送服務靜貼",""
"","00000000000000","463818	自動門靜貼",""
"","00000000000000","463834	身高尺",""
"","00000000000000","384353	招牌水餃冷凍品名卡",""
"","00000000000000","791943	冰塊杯冰箱把手靜貼",""
"EAN8","27919637","791963	冰塊杯_製冰機貼紙25X30cm",""
"EAN8","27672846","767284	SOUL自備杯+熱燕麥牛奶冰箱貼",""
"EAN8","27672877","767287	SOUL自備杯+循環杯牛奶冰箱貼",""
"","00000000000000","379736	Ponta/CLIQQ3外旅會員卡教學",""
"","00000000000000","628869	遵守販賣菸品3步驟POP",""
"","00000000000000","361231	生活美容小物陳列盒",""
"","00000000000000","326783	日常醫材用品陳列盒",""
"","00000000000000","382189	禁止站立梯頂作業貼紙",""
"","00000000000000","372873	(新)掃描式微波爐立牌",""
"","00000000000000","372883	(新)掃描式微波爐-掃描區貼紙",""
"","00000000000000","372893	(新)掃描式微波爐門貼",""
"","00000000000000","372895	新掃描式微波爐商品放置高度貼紙",""
"","00000000000000","742168	請在此等候結帳地貼-長形/圓形",""
"","00000000000000","406335	現萃茶天吊",""
"","00000000000000","347188	酒品專區-啤酒小側招貨架/OSC",""
"","00000000000000","989394	門市現金管理機制",""
"EAN8","20741556","741552	金庫管理靜貼",""
"","00000000000000","463999	募款箱封條貼紙",""
"EAN8","20024413","024411	資源回收結帳條碼墊板",""
"","00000000000000","464097	安心取(非自取門市使用)",""
"EAN8","20742195","742197	電子商務廠商名稱插卡",""
"","00000000000000","360025	櫃臺區-皮包放置處貼紙",""
"","00000000000000","742692	日用品櫃台區即時代收陳列盒",""
"","00000000000000","319967	您的聲音我們在乎POP",""
"","00000000000000","337458	交貨便寄取件標準說明",""
"EAN8","20518752","518750	自助結帳收銀機台上方POP",""
"","00000000000000","739263	門市電池資源回收說明_A4墊板",""
"","00000000000000","713571	自助結帳專區天吊",""
"","00000000000000","639357	開水機沖泡陳列架",""
"","00000000000000","613001	現烤地瓜春夏版形象頭卡",""
"","00000000000000","733106	蒸玉米形象背板",""
"","00000000000000","325905	所長茶葉蛋鍋圍邊",""
"","00000000000000","337343	所長茶葉蛋鍋靜貼",""
"","00000000000000","348615	門市座位區保持社交距離POP",""
"","00000000000000","492641	糖果3L-MM&AIR壓克力架",""
"","00000000000000","540845	所長茶葉蛋價格靜貼",""
"","00000000000000","333166	EC櫃錄影告知POP",""
"","00000000000000","309162	心熱園熱罐機杯套吊掛組",""
"EAN8","20064648","338482	心熱園熱罐機頂帽",""
"EAN8","24065160","406516	珍珠粉圓量杯POP",""
"","00000000000000","365946	機器上蓋隨手蓋上POP",""
"","00000000000000","318674	Jolytime微波爆米花操作說明",""
"","00000000000000","334523	自助區夾子貼紙",""
"","00000000000000","024453	蔥抓餅冷凍品名卡",""
"","00000000000000","508333	中島冰箱上方燈箱對位貼&刮片",""
"","00000000000000","508430	OSC冰箱上方燈箱對位貼&刮片",""
"EAN8","20024307","024301	門市倉庫宣導A4POP",""
"","00000000000000","730915	蒸玉米價格貼",""
"","00000000000000","731039	蒸玉米鍋上字貼",""
"","00000000000000","464288	高溫請小心取用",""
"","00000000000000","391708	麻辣關東煮量杯專用貼紙",""
"","00000000000000","477323	開水機POP(自助區用)",""
"","00000000000000","464521	微波按鍵貼紙+鮮奶",""
"EAN8","20464530","464534	微波爐使用方法(張)",""
"EAN8","20302641","302647	微波爐使用方法立牌",""
"EAN8","20492076","492078	熱水機貼紙(4種)",""
"","00000000000000","464275	熱狗夾包子茶葉蛋夾",""
"","00000000000000","377643	熱狗機台側邊紙袋陳列盒",""
"","00000000000000","492081	調味料插條1套9種18張",""
"","00000000000000","990657	機器故障告示牌",""
"","00000000000000","767256	ibon紙捲放置引導貼紙",""
"","00000000000000","767294	ibon行動電源機台POP",""
"","00000000000000","484970	事務機面板操作貼紙",""
"","00000000000000","989695	事務機價格貼紙",""
"","00000000000000","597282	不冰飲料貨架飾條",""
"","00000000000000","667711	國際精品特惠價45cm飾條",""
"","00000000000000","539034	OPEN!PLAZA中島6台頭卡",""
"","00000000000000","346321	寵物專區形象飾條",""
"","00000000000000","325384	玩具入浴球串掛架",""
"","00000000000000","325443	玩具入浴球頭卡",""
"","00000000000000","715474	燒酒吊掛陳列盒",""
"EAN8","27308769","730876	雪肌粹45CM陳列盒",""
"","00000000000000","364894	星巴克沖泡陳列盒",""
"","00000000000000","365074	MiniToGo隨時享受零食陳列盒",""
"","00000000000000","464107	GATSBY陳列盒",""
"","00000000000000","360551	卸妝保養好物陳列盒",""
"","00000000000000","325461	衛生套陳列盒",""
"","00000000000000","355266	現蒸地瓜磅秤靜貼",""
"","00000000000000","314130	糖果3LAirWaves陳列盒底座",""
"","00000000000000","350822	鮮肉鍋貼冷凍品名卡",""
"","00000000000000","382217	EC櫃面板-自助取件POP",""
"","00000000000000","326491	金莎禮盒長期陳列盒",""
"","00000000000000","321855	利捷維陳列盒",""
"","00000000000000","361205	秋冬三護陳列盒",""
"","00000000000000","328686	進口巧克力陳列盒",""
"EAN8","20742706","742702	時尚專區新品推薦跳卡",""
"","00000000000000","356650	麵包三角離峰立牌",""
"","00000000000000","529801	全球精選暢銷品側招+飾條",""
"","00000000000000","371809	棉織品背板+飾條",""
"","00000000000000","310588	耳髮飾背板+飾條",""
"","00000000000000","393302	青醬蛤蜊義大利麵(袋)冷凍品名卡",""
"","00000000000000","326356	健美貨架保健補給陳列盒",""
"","00000000000000","365334	C2C交貨便收件包裹標籤",""
"","00000000000000","741617	夏季防曬陳列盒",""
"EAN8","20492632","492638	90cm-地方名特産背板",""
"EAN8","20445454","445458	(區)健康活力專區(統一生機)",""
"","00000000000000","742760	國採專櫃新型貨架POP",""
"","00000000000000","326620	國採專櫃天吊",""
"","00000000000000","372820	糖果巧克力優惠專區",""
"","00000000000000","353887	飯糰三角離峰立牌",""
"","00000000000000","338978	國際牌電池背板",""
"","00000000000000","333760	SOYJOY大豆營養棒陳列盒",""
"EAN8","20080372","362029	我的健康日記陳列盒",""
"","00000000000000","356026	highbar迷你酒陳列盒",""
"","00000000000000","328630	(3L)日用品寵物食品陳列盒",""
"EAN8","20043643","308141	串包零食陳列道具",""
"","00000000000000","393247	桂格系列專區陳列盒",""
"","00000000000000","006307	量販專區背板",""
"","00000000000000","393616	L型端架-麵包飾條",""
"","00000000000000","333799	美麗對策專區陳列盒",""
"","00000000000000","346793	酒品專區烈酒貨架背板",""
"EAN8","20024659","310590	插卡-新品上市",""
"","00000000000000","321081	易口舒架前架陳列鐵架",""
"","00000000000000","791773	大大大香辣鹽酥雞冷凍品名卡",""
"","00000000000000","791803	麻辣大鍋貼冷凍品名卡",""
"","00000000000000","791835	剝皮辣椒雞細扁麵冷凍品名卡",""
"","00000000000000","791851	美式BBQ烤雞翅冷凍品名卡",""
"","00000000000000","791863	冰塊杯_製冰機貼紙30X50cm",""
"","00000000000000","791864	炸裂椒麻腿冷凍品名卡",""
"","00000000000000","791879	蒜香黑胡椒雞胸條冷凍品名卡",""
"","00000000000000","791905	奶香起司烤雞筆管麵冷凍品名卡",""
"","00000000000000","781145	現調咖啡茶飲產品標示掃描専用",""
"EAN8","27672709","767270	甜點OSC冰箱離峰立牌",""
"","00000000000000","767322	甜點OSC冰箱今日小確幸飾條",""
"","00000000000000","767331	甜點OSC冰箱i珍食側招",""
"","00000000000000","764073	白種元韓式牛肉拌飯冷凍品名卡",""
"","00000000000000","763872	鮮凍藍莓冷凍品名卡",""
"","00000000000000","764023	烤雞佐青醬義大利麵冷凍品名卡",""
"","00000000000000","764033	四季紅油雞丁冷凍品名卡",""
"","00000000000000","764041	壹番屋奶油咖哩雞肉飯冷凍品名卡",""
"","00000000000000","764053	麻辣大鍋貼冷凍品名卡",""
"","00000000000000","764054	凍綜合莓冷凍品名卡",""
"","00000000000000","764055	雙起司肉醬義大利麵冷凍品名卡",""
"EAN8","27640975","764097	美式經典紐奧良烤雞翅冷凍品名卡",""
"","00000000000000","764101	大大大雞排冷凍品名卡",""
"","00000000000000","764103	日式照燒雞肉冷凍品名卡",""
"","00000000000000","704817	膳馨蜜汁醬燒雞排冷凍品名卡",""
"EAN8","27048597","704859	晶華金黃魚子燒賣冷凍品名卡",""
"","00000000000000","704871	秘製滷雞翅冷凍品名卡",""
"","00000000000000","704872	玉米豬肉水餃冷凍品名卡",""
"","00000000000000","704889	韓風甜辣醬炸雞冷凍品名卡",""
"","00000000000000","704898	晶華紅燒牛肉麵冷凍品名卡",""
"","00000000000000","704902	膳馨無骨秘製排骨酥冷凍品名卡",""
"","00000000000000","621846	阿甘薯叔水冰烤地瓜冷凍品名卡",""
"","00000000000000","621874	冷凍出清專區插卡",""
"","00000000000000","621911	晶華碧玉鲜蝦餃冷凍品名卡",""
"","00000000000000","621923	招牌水煎包冷凍品名卡",""
"","00000000000000","783491	新極上御飯糰龍之瞳米冰箱側招",""
"","00000000000000","526042	ENB冷藏冰箱大側招",""
"","00000000000000","517129	甜點OSC頭卡高20cm版",""
"","00000000000000","517074	甜點OSC頭卡高10cm版",""
"","00000000000000","517083	甜點OSC84CM飾條7條",""
"","00000000000000","516434	甜點0SC進口甜點側招",""
"","00000000000000","300214	甜點冰箱壁櫃底版+側招",""
"","00000000000000","497639	鮮速食冰箱異常作業提醒",""
"","00000000000000","407509	REACHIN單門冷凍冰箱形象",""
"","00000000000000","407522	REACHIN雙門冷凍冰箱形象",""
"","00000000000000","466500	沙茶豬肉蛋炒飯冷凍品名卡",""
"","00000000000000","466346	世界的山將夢幻唐揚雞冷凍品名卡",""
"","00000000000000","353539	奶油培根義大利麵冷凍品名卡",""
"","00000000000000","353381	世界的山將夢幻雞翅冷凍品名卡",""
"","00000000000000","353347	碳烤風味雞排冷凍品名卡",""
"","00000000000000","353424	蔥阿伯鮮肉小籠湯包冷凍品名卡",""
"","00000000000000","615322	蔬果佔一半健康有保障插卡",""
"","00000000000000","302857	蔬果佔一半健康有保障_冷藏下方",""
"","00000000000000","309167	韓式泡菜鍋貼冷凍品名卡",""
"","00000000000000","990039	香腸蛋炒飯冷凍品名卡",""
"","00000000000000","377702	星級饗宴小側招",""
"","00000000000000","492269	泰式打拋豬炒飯冷凍品名卡",""
"","00000000000000","308545	辣味雞柳條冷凍品名卡",""
"","00000000000000","356017	ENB冷藏冰箱小側招",""
"","00000000000000","325467	外旅商圈告知卡POP",""
"","00000000000000","365338	環保限塑-立式冰箱把手貼紙",""
"","00000000000000","352053	環保限塑-冷藏冰箱貨架側邊貼紙",""
"","00000000000000","350422	環保限塑-冷藏冰箱貨架插卡",""
"","00000000000000","307574	常溫不冰飲料專區貨架背板",""
"","00000000000000","450265	買低溫產品警語冷藏冰箱側邊貼紙",""
"","00000000000000","322911	(雙)奇美芝麻流沙包冷凍品名卡",""
"","00000000000000","336172	艋舺雞排-爆汁嫩雞冷凍品名卡",""
"","00000000000000","384878	香辣炸雞球冷凍品名卡",""
"","00000000000000","384871	火腿肉絲黃金蛋炒飯冷凍品名卡",""
"","00000000000000","365455	原味嫩雞塊冷凍品名卡",""
"","00000000000000","365306	鹽味毛豆冷凍品名卡",""
"EAN8","20128807","366054	椒鹽鹽酥雞冷凍品名卡",""
"","00000000000000","365436	韓風拌拌炸雞冷凍品名卡",""
"","00000000000000","365317	正餐三角離峰立牌",""
"EAN8","20115791","348750	科學麵陳列盒",""
"","00000000000000","354763	活力健康-統一生機品牌陳列盒",""
"","00000000000000","326204	冷凍子櫃上方燈箱靜貼",""
"EAN8","20047566","325706	國際精品博覽會陳列盒",""
"","00000000000000","308063	生鮮店生鮮冰箱下方POP",""
"","00000000000000","308076	生鲜專區貨架木紋飾條",""
"","00000000000000","308087	生鲜專區OSC上方燈箱POP",""
"","00000000000000","492366	低溫請小心取用",""
"","00000000000000","492353	節約能源吸管脫落貼紙",""
"","00000000000000","741808	離島專用-御并當加五元靜貼",""
"","00000000000000","332530	臥室冰箱上方澄箱POP",""
"EAN8","20154158","384357	海鮮披薩冷凍品名卡",""
"","00000000000000","329202	蜜汁雞排冷凍品名卡",""
"EAN8","23291812","329181	豆乳雞冷凍品名卡",""
"","00000000000000","329176	立式冷凍冰箱上方POP(三、四門)",""
"","00000000000000","762055	自取門市英文字貼A-J",""
"EAN8","27216835","721683	禁止飲食座位區貼紙",""
"","00000000000000","715443	廁所吸毒舉報A4POP",""
"","00000000000000","664130	蜜緹隱眼落地陳列紙架",""
"","00000000000000","552145	門市招募懶人包(倉庫區)",""
"","00000000000000","739341	軌道式小心夾手留意孩童安全POP",""
"","00000000000000","411996	MinitoGO小零食專區陳列盒",""
"","00000000000000","412046	MinitoGO小零食專區飾條",""
"","00000000000000","412098	MinitoGO小零食專區背板",""
"","00000000000000","463758	旗艦冷凍4台-素食複合店",""
"","00000000000000","463788	常溫冷凍-素食複合店",""
"","00000000000000","463900	常溫5或6台-素食複合店",""
"EAN8","24639378","463937	常溫冷藏冷凍素食複合店",""
"","00000000000000","463966	區域商品-天素地蔬",""
"EAN8","24928052","492805	秋冬版現烤地瓜形象頭卡",""
"","00000000000000","497050	一台貨架(新式pop)天素地蔬",""
"","00000000000000","433917	麻辣燙春夏版形象頭卡",""
"EAN8","23899919","389991	SOUL系列循環杯牛奶冰箱靜貼",""
"","00000000000000","390045	SOUL系列自備杯牛奶冰箱靜貼",""
"","00000000000000","390737	S_ART自備杯牛奶冰箱靜貼",""
"EAN8","23907515","390751	S_ART循環杯牛奶冰箱靜貼",""
"","00000000000000","390760	ESC2_M牌自備杯牛奶冰箱貼",""
"","00000000000000","636377	千禧血壓站_門口靜電貼",""
"","00000000000000","302037	千禧血壓站門市內天吊旗",""
"","00000000000000","390319	智FUN機創易加機型-直式螢幕",""
"","00000000000000","471964	禁止挪用週轉金-收銀機提醒貼紙",""
"","00000000000000","472057	禁止挪用週轉金-金庫提醒貼紙",""
"","00000000000000","300227	插座警語貼紙",""
"","00000000000000","300309	緊急求救鈴貼紙",""
"","00000000000000","300444	廁所-請勿重壓貼紙",""
"","00000000000000","300670	廁所-注意事項貼紙",""
"","00000000000000","323861	緊急通報提醒警語貼紙",""
"","00000000000000","373296	人氣禮盒桃太郎旗",""
"","00000000000000","312611	VENDO老日光智FUN機靜貼",""
"","00000000000000","321835	創易加智FUN機POP",""
"","00000000000000","321898	藥陳列盒(非第一層品項)",""
"","00000000000000","492667	嚴禁竄改商品效期貼紙",""
"","00000000000000","355908	騎樓戶外座位區禁菸POP",""
"","00000000000000","492476	大空白海報(張)",""
"","00000000000000","492489	中空白海報(張)",""
"","00000000000000","492531	五大話術與上班守則",""
"","00000000000000","492528	企業文化",""
"","00000000000000","492625	如廁後請洗手",""
"","00000000000000","302951	托盤式顧客公約",""
"","00000000000000","742100	冷氣溫度設定-26度C至28度C貼紙",""
"","00000000000000","742964	店長推薦商品三角立牌",""
"EAN8","20492571","492573	服務儀容(男,女)",""
"","00000000000000","492706	門市用暢銷排行榜第一名",""
"","00000000000000","492696	門市用暢銷排行榜第二名",""
"","00000000000000","492670	門市用暢銷排行榜第三名",""
"","00000000000000","492683	門市自用插卡店長推薦",""
"","00000000000000","492612	門市採訪注意說明",""
"","00000000000000","485845	門市設備設施保養點檢管制卡",""
"","00000000000000","741523	門市試吃POP(菊對+立牌)",""
"EAN8","20492540","492544	門市檔案標籤",""
"","00000000000000","173218	座位區顧客公約",""
"EAN8","20006402","006404	偵煙器保持開啟",""
"","00000000000000","485476	商品5折插卡",""
"","00000000000000","451218	性騷擾防治海報",""
"","00000000000000","492609	商品允收期限海報",""
"","00000000000000","742090	補貨時門關上貼紙",""
"EAN8","20492373","492379	解凍箱POP蒸包機",""
"","00000000000000","492599	資源回收桶身貼紙",""
"","00000000000000","742087	隨手關燈貼紙",""
"","00000000000000","492515	邀請卡(張)",""
"EAN8","20492564","492560	歡迎海報",""
"","00000000000000","408968	—番賞抽抽樂單抽99元促銷插卡",""
"","00000000000000","409008	一番賞抽抽樂買一送一促銷插卡",""
"","00000000000000","319720	時尚流行飾品第二層陳列盒",""
"","00000000000000","335408	incomn側邊POP頭卡",""
"","00000000000000","344963	DUSKIN陳列盒",""
"","00000000000000","325472	寵物食品陳列盒",""
"","00000000000000","666435	韓國熊津蜂蜜紅蔘茶",""
"","00000000000000","639346	泰山仙草Q丸紅茶口昧",""
"","00000000000000","658139	PREMIUM極奢系-红蘊琥珀奶茶",""
"","00000000000000","658140	PREMIUM極奢系-黒曜咖啡拿鐵",""
"EAN13","4710105037080","403624	光泉無加糖黑豆漿400ml",""
"","00000000000000","620244	光泉無加糖鮮豆漿400ml",""
"EAN13","4710105051130","588414	光泉燕麥高纖無加糖鮮豆漿450mL",""
"","00000000000000","576871	光泉無加糖濃豆漿375ml",""
"","00000000000000","496137	(A)統一陽光無加糖高纖豆漿400ml",""
"","00000000000000","728508	統一陽光低糖高纖豆漿400ml(盒)",""
"EAN13","4710088824257","602760	統一陽光無加糖黑豆漿400ml",""
"EAN13","4710088432742","174248	統一陽光陽光黃金豆豆漿400ml",""
"","00000000000000","177610	統一陽光糙米漿400ml(盒)",""
"","00000000000000","682546	統一陽光無加糖超優蛋白豆漿375",""
"","00000000000000","345947	光泉優質蛋白奶-堅果杏仁",""
"EAN13","4710105038759","759196	光泉優質蛋白奶無加糖燕麥",""
"","00000000000000","772147	光泉高鈣鮮豆漿",""
"","00000000000000","781594	光泉優質維他牛乳",""
"EAN13","4710105038582","751976	(E)光泉生乳米漿",""
"","00000000000000","542840	光泉生乳豆漿375ml",""
"","00000000000000","579908	(E)光泉生乳黑豆漿375ml",""
"","00000000000000","408845	福樂超能蛋白營養牛乳堅果可可",""
"","00000000000000","575463	福樂超能蛋白營養牛乳咖啡口味",""
"","00000000000000","713963	福樂超能蛋白營養牛乳草莓口味",""
"","00000000000000","143549	(A)桂格100%喝的燕麥290ml",""
"","00000000000000","352709	桂格顆粒豆漿燕麥飲290ml",""
"","00000000000000","551085	桂格燕麥堅果王290ml",""
"","00000000000000","416023	桂格100%燕麥(顆粒微甜)290ml",""
"","00000000000000","765564	桂格五白銀耳薏仁穀飲280ML",""
"","00000000000000","765566	桂格五黑芝麻多穀飲280ML",""
"","00000000000000","619455	BaseU高蛋白榛果可可牛乳",""
"","00000000000000","757935	BasenU高蛋白紅茶牛乳(無加糖)",""
"","00000000000000","838773	瑞穗鮮乳-低脂鮮乳400ml(盒)",""
"","00000000000000","410360	瑞穗咖啡牛奶400ml",""
"","00000000000000","410483	(A)瑞穗蘋果牛奶400ml",""
"","00000000000000","486548	瑞穗巧克力牛奶400ml",""
"","00000000000000","487711	瑞穗麥芽牛奶400ml",""
"","00000000000000","612040	統一營養強化亮妍莓果牛乳400ml",""
"","00000000000000","142726	(A)瑞穗全脂鮮乳230ml",""
"","00000000000000","142739	瑞穗低脂鲜乳230ml",""
"","00000000000000","324852	(A)瑞穗鮮乳290ml(盒)",""
"","00000000000000","036238	瑞穗果汁牛奶290ml",""
"EAN13","4710088434692","469872	瑞穗鮮乳低脂1858ml(瓶)",""
"EAN13","4710088434685","367394	(A)瑞穗低脂鮮乳930ml(盒)",""
"","00000000000000","350937	瑞穗極制72度低溫殺菌鮮乳930ml",""
"","00000000000000","439034	阜杭原味豆漿(無添加糖)",""
"","00000000000000","763725	統一杏仁茶450m(盒)",""
"","00000000000000","408127	鮮摘果園紅心芭樂綜合果汁飲料",""
"EAN13","4710171060210","471194	波蜜果菜汁400ml(盒)",""
"","00000000000000","930264	波蜜100%一日蔬果汁400ml(盒)",""
"","00000000000000","784599	津津蘆筍汁480ml(盒)",""
"EAN13","4710018349102","342180	可口可樂隨型罐330ml",""
"","00000000000000","342184	雪碧隨型罐330ml",""
"","00000000000000","142014	光泉茉香柚茶400ml",""
"","00000000000000","772126	農榨-金桔雷夢飲375ml",""
"","00000000000000","387025	農榨檸檬飲375ml",""
"","00000000000000","701288	泰山仙草蜜470(盒)",""
"","00000000000000","532833	泰山香檸優多椰果晶凍400g",""
"","00000000000000","779836	品味時刻可爾必思葡萄乳酸菌飲料",""
"","00000000000000","733723	可不可蜜香熟成紅I茶",""
"EAN13","4710105095325","751938	珍煮丹黑糖牛奶",""
"EAN13","4710171064041","707723	龜記蘋果紅萱",""
"","00000000000000","746411	波蜜梅檸不可",""
"","00000000000000","788590	有飲開心果四季春奶茶",""
"","00000000000000","772653	(E)萬波芋頭牛奶",""
"","00000000000000","470232	飲冰室茶集綠奶茶400ml(盒)",""
"","00000000000000","739165	iseLect經典莫卡咖啡375nml",""
"","00000000000000","739197	iseLect經典拿鐵咖啡375ml",""
"EAN13","4710105037646","751884	午后時光重乳哈密瓜奶茶",""
"EAN13","4710105037479","405256	光泉午后時光重乳奶茶400ml",""
"","00000000000000","416256	立頓原味奶茶400ml",""
"","00000000000000","779682	穀萃蕎麥國寶茶600ml",""
"","00000000000000","359617	德記洋行烏龍鮮綠茶320ml",""
"EAN13","4710171064362","772129	(E)立頓夏威夷冰茶",""
"","00000000000000","384830	泰山冰鎮葡萄鲜冰茶650ml",""
"","00000000000000","454612	泰山冰鎮檸檬紅茶650ml",""
"EAN13","4710339005633","403528	(E)福樂鮮攪可可600ml",""
"EAN13","4710088433497","439048	純喫茶紅茶960ml(盒)",""
"","00000000000000","595564	園之味100%蘋果汁900ml",""
"","00000000000000","760450	鮮凍藍莓",""
"","00000000000000","776789	御料小館xSN-炸裂椒麻腿",""
"EAN8","27767979","776797	御料小館xSN-美式BBQ烤雞翅",""
"","00000000000000","774778	大大大香辣鹽酥雞",""
"","00000000000000","756587	阿奇儂X冰結SHOT+冰杯-巨峰",""
"","00000000000000","424675	(蔬)香辣堅果蛋炒飯",""
"","00000000000000","424615	(蔬)麻油菇菇拌飯",""
"EAN8","27824672","782467	(蔬)經典台式炊粉",""
"","00000000000000","842257	松珍素鲜嫩炸雞塊",""
"","00000000000000","608188	塔香鹹蔬雞球(全素)",""
"","00000000000000","345044	(素)弘陽-植物肉玉米熟水餃",""
"EAN13","4712927555995","408672	TOMMI湯米-麻油杏鮑菇米漢堡",""
"","00000000000000","408786	TOMMI湯米-雙起司鮭魚米漢堡",""
"","00000000000000","408816	TOMMI湯米-壽喜燒牛肉米漢堡",""
"","00000000000000","408523	TOMMI湯米-炭香燒肉米漢堡",""
"","00000000000000","400771	CP-香Q白米飯",""
"","00000000000000","430695	Homealx鄧師傅-塔香風味炒花蛤",""
"","00000000000000","430314	Homealx鄧師傅客家小炒",""
"","00000000000000","430781	HomealX鄧師傅-鳳梨糖醋肉",""
"","00000000000000","713709	一度贊麻辣豆漿牛肉麵",""
"EAN13","4710199112854","749695	一度贊蕃茄牛肉麵",""
"","00000000000000","526227	味味一品皇朝牛筋麵",""
"","00000000000000","430966	手打麵和風豚骨風味",""
"","00000000000000","399904	(素)大瑪螺螄粉",""
"EAN13","3010350006628","328821	法國LaCigale馬賽皂-橄欖",""
"EAN13","3010350006635","329623 法國La Cigale馬賽皂-薰衣草",""
"EAN8","23776524","377652 EC專用量尺",""
"EAN8","24088831","408883 電子發票紙捲70M*30",""
"EAN13","4710104027099","410203	舒敏厚棒抽取衛生紙(包)60抽",""
"EAN13","9316199000037","488017	澳洲Lucas木瓜霜25g",""
"EAN13","3430750154468","523718 G)法國普羅旺斯 PJ香水-雨後彩虹",""
"EAN13","3430750154529","523741	法國普羅旺斯PJ香水-友你相伴",""
"EAN13","3430750154505","523753	法國普羅旺斯PJ香水-勇敢逐夢",""
"EAN8","25357462","535746 回收確認單20入",""
"EAN13","4711649743819","789803	曬傷Kitty超輕傘-祭典款(深色)",""
"EAN8","26696447","669644	HDPE超大量垃圾袋30入/包",""
"EAN13","4971710589535","560257	雪肌粹淨白美肌BB霜01(明亮肌)",""
"EAN13","8002650007752","578995 義大利SA咖啡膠囊-特選中焙","20260814_五六日_029"
"EAN8","28079828","807982 廁所專用垃圾袋50入",""
"EAN13","4710104030006","718487	得意掛式抽取全能廚房紙巾300抽",""
"EAN13","3430750404761","697814	法國普羅旺斯PJ香水-幸福時光",""
"UPCA","017854100442","547272 英國BH檸檬羅勒香氛洗手乳",""
"EAN13","4901360314218","553030 日本7PREMIUM巧克力夾心奶油餅乾",""
"EAN13","8002650008759","578929 義大利SA咖啡膠囊-100%阿拉比卡","20260814_五六日_028"
"EAN13","4713575126537","579940 UD新柔感抽衛110抽（包）",""
"I24","25927276","592727  統一麵包海苔肉鬆堡",""
"EAN13","4713145010532","604415 玉米餅四連包濃湯風味吉伊卡哇",""
"UPCA","034000250103","648782 Reeses花生醬焦糖夾餡牛奶巧克力",""
"I24","26503325","650332  瑞穗鮮乳吐司",""
"EAN13","8002650007738","672050 義大利SA咖啡膠囊-深焙咖啡",""
"EAN13","8002650008766","672056 義大利SA咖啡膠囊-沃魯托濃縮",""
"EAN13","3430750404747","697845	法國普羅旺斯PJ香水-綻放微笑",""
"EAN13","5415150353619","710402 比利時Belmio烤榛果味咖啡膠囊",""
"EAN13","5415150353114","710405 比利時Belmio焦糖風味咖啡膠囊",""
"EAN13","5415150352216","710407 比利時Belmio極濃義式咖啡膠囊",""
"EAN13","5415150354418","710408 Belmio愛爾蘭之夢咖啡膠囊",""
"I24","27204085","720408  統一麵包椰香葡萄",""
"EAN13","4711112470709","757068 大大大雞排",""
"EAN13","8851004101710","763875 (G)泰國 PARTY 地瓜餅焦糖奶油風味",""
"EAN13","4511413804308","766677 DHC 速攻藍莓(2 日份)",""
"EAN13","4710104030594","790766 得意好柔韌三層抽取衛生紙(包)",""
"EAN8","28222736","822273	鋼製櫃台粉紅色垃圾袋50入",""
"EAN8","29332182","933218 EC專用電子秤",""
"EAN13","4962656157513","792374 沖繩 Orion奧利恩生啤酒500cc罐",""
"EAN13","8801382703891","487004 韓國熊津蜜桃優格冰淇淋","20260814_五六日_012"
"EAN13","4710022077541","758099 OPEN!小德薯烤雞口味","20260814_五六日_018"
"EAN13","4710022077305","758088 OPEN!可樂果MiNi烤玉米口味","20260814_五六日_019"
"EAN13","4713051715309","406055（肖玩）酷洛米貼紙製造機","20260814_五六日_038"
"EAN13","4713051715651","483894（肖）三麗鷗綜合版貼紙製造機","20260814_五六日_039"
"EAN13","4713051715323","483904（櫃）蠟筆小新貼紙製造機","20260814_五六日_040"
"EAN13","4713051715354","483914（櫃）蠟筆小新貼紙補充包","20260814_五六日_041"
"EAN13","4713051715484","406069（肖玩）史努比貼紙補充包","20260814_五六日_043"
"EAN13","4713051715330","406181（肖玩）酷洛米貼紙補充包","20260814_五六日_044"
